date,cases,deaths,time_of_year,daily_tests,people_fully_vaccinated_per_hundred,daily_vaccinations_per_million,w1_change_cases,w1_change_deaths,w2_change_cases,w2_change_deaths
2020-01-01,,,0.0,,,,,,,
2020-01-02,,,0.0027397260273972603,,,,,,,
2020-01-03,0.0,0.0,0.005479452054794521,,,,0.0,0.0,0.0,0.0
2020-01-04,0.0,0.0,0.008219178082191782,,,,0.0,0.0,0.0,0.0
2020-01-05,0.0,0.0,0.010958904109589041,,,,0.0,0.0,0.0,0.0
2020-01-06,0.0,0.0,0.0136986301369863,,,,0.0,0.0,0.0,0.0
2020-01-07,0.0,0.0,0.01643835616438356,,,,0.0,0.0,0.0,0.0
2020-01-08,0.0,0.0,0.01917808219178082,,,,0.0,0.0,0.0,0.0
2020-01-09,0.0,0.0,0.02191780821917808,,,,0.0,0.0,0.0,0.0
2020-01-10,0.0,0.0,0.02465753424657534,,,,0.0,0.0,0.0,0.0
2020-01-11,0.0,0.0,0.027397260273972598,,,,0.0,0.0,0.0,0.0
2020-01-12,0.0,0.0,0.030136986301369857,,,,0.0,0.0,0.0,0.0
2020-01-13,0.0,0.0,0.03287671232876712,,,,0.0,0.0,0.0,0.0
2020-01-14,0.0,0.0,0.03561643835616438,,,,0.0,0.0,0.0,0.0
2020-01-15,0.0,0.0,0.038356164383561646,,,,0.0,0.0,0.0,0.0
2020-01-16,0.0,0.0,0.04109589041095891,,,,0.0,0.0,0.0,0.0
2020-01-17,0.0,0.0,0.04383561643835617,,,,0.0,0.0,0.0,0.0
2020-01-18,0.0,0.0,0.046575342465753435,,,,0.0,0.0,0.0,0.0
2020-01-19,0.0,0.0,0.0493150684931507,,,,0.0,0.0,0.0,0.0
2020-01-20,0.0,0.0,0.05205479452054796,,,,0.0,0.0,0.0,0.0
2020-01-21,0.0,0.0,0.05479452054794522,,,,0.0,0.0,0.0,0.0
2020-01-22,0.0,0.0,0.057534246575342486,,,,0.0,0.0,0.0,0.0
2020-01-23,0.0,0.0,0.06027397260273975,,,,0.0,0.0,0.0,0.0
2020-01-24,0.0,0.0,0.063013698630137,,,,0.0,0.0,0.0,0.0
2020-01-25,0.0,0.0,0.06575342465753427,,,,0.0,0.0,0.0,0.0
2020-01-26,0.0,0.0,0.06849315068493153,,,,0.0,0.0,0.0,0.0
2020-01-27,0.0,0.0,0.0712328767123288,,,,0.0,0.0,0.0,0.0
2020-01-28,0.0,0.0,0.07397260273972606,,,,0.0,0.0,0.0,0.0
2020-01-29,0.0,0.0,0.07671232876712332,,,,0.0,0.0,0.0,0.0
2020-01-30,0.0,0.0,0.07945205479452058,,,,0.0,0.0,0.0,0.0
2020-01-31,0.0,0.0,0.08219178082191785,,,,0.0,0.0,0.0,0.0
2020-02-01,0.0,0.0,0.08493150684931511,,,,0.0,0.0,0.0,0.0
2020-02-02,0.0,0.0,0.08767123287671237,,,,0.0,0.0,0.0,0.0
2020-02-03,0.0,0.0,0.09041095890410963,,,,0.0,0.0,0.0,0.0
2020-02-04,0.0,0.0,0.0931506849315069,,,,0.0,0.0,0.0,0.0
2020-02-05,0.0,0.0,0.09589041095890416,,,,0.0,0.0,0.0,0.0
2020-02-06,0.0,0.0,0.09863013698630142,,,,0.0,0.0,0.0,0.0
2020-02-07,0.0,0.0,0.10136986301369869,,,,0.0,0.0,0.0,0.0
2020-02-08,0.0,0.0,0.10410958904109595,,,,0.0,0.0,0.0,0.0
2020-02-09,0.0,0.0,0.10684931506849321,,,,0.0,0.0,0.0,0.0
2020-02-10,0.0,0.0,0.10958904109589047,,,,0.0,0.0,0.0,0.0
2020-02-11,0.0,0.0,0.11232876712328774,,,,0.0,0.0,0.0,0.0
2020-02-12,0.0,0.0,0.115068493150685,,,,0.0,0.0,1.0,0.0
2020-02-13,0.0,0.0,0.11780821917808226,,,,0.0,0.0,0.0,0.0
2020-02-14,0.0,0.0,0.12054794520547953,,,,0.0,0.0,1.0,0.0
2020-02-15,0.0,0.0,0.12328767123287679,,,,0.0,0.0,1.0,0.0
2020-02-16,0.0,0.0,0.12602739726027404,,,,0.0,0.0,1.0,0.0
2020-02-17,0.0,0.0,0.1287671232876713,,,,0.0,0.0,1.0,0.0
2020-02-18,0.0,0.0,0.13150684931506854,,,,0.0,0.0,1.0,0.0
2020-02-19,0.0,0.0,0.13424657534246578,,,,1.0,0.0,1.0,0.0
2020-02-20,0.0,0.0,0.13698630136986303,,,,0.0,0.0,1.0,0.0
2020-02-21,0.0,0.0,0.13972602739726028,,,,1.0,0.0,1.0,0.0
2020-02-22,0.0,0.0,0.14246575342465753,,,,1.0,0.0,1.0,0.0
2020-02-23,0.0,0.0,0.14520547945205478,,,,1.0,0.0,1.0,0.0
2020-02-24,0.0,0.0,0.14794520547945203,12.0,,,1.0,0.0,1.0,0.0
2020-02-25,0.0,0.0,0.15068493150684928,62.0,,,1.0,0.0,1.0,0.0
2020-02-26,1.0,0.0,0.15342465753424653,148.0,,,1.0,0.0,1.0,0.0
2020-02-27,1.0,0.0,0.15616438356164378,249.0,,,1.0,0.0,1.0,0.0
2020-02-28,4.0,0.0,0.15890410958904103,290.0,,,1.0,0.0,1.0,1.0
2020-02-29,6.0,0.0,0.16164383561643828,209.0,,,1.0,0.0,-0.3333333333333333,0.0
2020-03-01,15.0,0.0,0.16438356164383552,235.0,,,1.0,0.0,1.0,0.0
2020-03-02,19.0,0.0,0.16712328767123277,391.0,,,0.9473684210526316,0.0,1.0,0.0
2020-03-03,25.0,0.0,0.16986301369863002,380.0,,,0.68,0.0,1.0,1.0
2020-03-04,33.0,0.0,0.17260273972602727,341.0,,,1.0,0.0,1.0,0.0
2020-03-05,56.0,0.0,0.17534246575342452,374.0,,,1.0,0.0,1.0,0.0
2020-03-06,86.0,0.0,0.17808219178082177,365.0,,,1.0,1.0,1.0,1.0
2020-03-07,113.0,0.0,0.18082191780821902,315.0,,,-0.23893805309734514,0.0,1.0,1.0
2020-03-08,147.0,0.0,0.18356164383561627,408.0,,,1.0,0.0,1.0,0.0
2020-03-09,169.0,0.0,0.18630136986301352,1484.0,,,0.8757396449704142,0.0,1.0,0.0
2020-03-10,192.0,0.0,0.18904109589041077,1686.0,,,0.359375,1.0,1.0,1.0
2020-03-11,277.0,0.0,0.19178082191780801,2085.0,,,0.19494584837545129,0.0,0.3971119133574007,1.0
2020-03-12,489.0,0.0,0.19452054794520526,3017.0,,,-0.1983640081799591,0.0,0.2822085889570552,1.0
2020-03-13,621.0,1.0,0.1972602739726025,4054.0,,,-0.004830917874396135,1.0,0.17391304347826084,1.0
2020-03-14,621.0,1.0,0.19999999999999976,2761.0,,,0.3059581320450886,1.0,0.6843800322061192,1.0
2020-03-15,907.0,1.0,0.202739726027397,2870.0,,,-0.11245865490628447,0.0,-0.024255788313120176,1.0
2020-03-16,1077.0,1.0,0.20547945205479426,6263.0,,,0.033426183844011144,0.0,0.0807799442896936,1.0
2020-03-17,1169.0,3.0,0.2082191780821915,6586.0,,,0.12574850299401194,-0.3333333333333333,0.02737382378100941,0.6666666666666666
2020-03-18,1308.0,3.0,0.21095890410958876,6827.0,,,0.04281345565749235,0.6666666666666666,0.06269113149847094,0.6666666666666666
2020-03-19,1423.0,3.0,0.213698630136986,5983.0,,,0.1651440618411806,0.6666666666666666,0.07238229093464511,1.0
2020-03-20,1552.0,6.0,0.21643835616438326,5119.0,,,0.07152061855670103,-0.16666666666666666,0.09085051546391752,1.0
2020-03-21,1742.0,7.0,0.2191780821917805,2507.0,,,0.13490241102181402,0.14285714285714285,0.04764638346727899,0.14285714285714285
2020-03-22,1926.0,7.0,0.22191780821917775,1288.0,,,0.04153686396677051,0.5714285714285714,0.0612668743509865,0.8571428571428571
2020-03-23,2132.0,7.0,0.224657534246575,3564.0,,,0.023921200750469045,0.2857142857142857,-0.035647279549718566,1.0
2020-03-24,2371.0,8.0,0.22739726027397225,3528.0,,,-0.04850274145929987,0.375,-0.0522986081822016,0.0
2020-03-25,2566.0,10.0,0.2301369863013695,3344.0,,,0.010132501948558073,0.0,-0.03390491036632892,0.8
2020-03-26,2916.0,12.0,0.23287671232876675,3185.0,,,-0.045267489711934165,0.16666666666666666,-0.0696159122085048,0.75
2020-03-27,3156.0,14.0,0.235616438356164,3291.0,,,0.009505703422053232,0.5714285714285714,-0.028517110266159693,0.42857142857142855
2020-03-28,3581.0,16.0,0.23835616438356125,1801.0,,,-0.04244624406590338,0.0,-0.09522479754258588,0.125
2020-03-29,3845.0,20.0,0.2410958904109585,1243.0,,,0.009882964889466841,0.1,-0.04889466840052016,0.1
2020-03-30,4102.0,22.0,0.24383561643835575,3172.0,,,-0.030960507069722087,0.2727272727272727,-0.039492930277913216,0.13636363636363635
2020-03-31,4226.0,26.0,0.246575342465753,3446.0,,,-0.002129673450070989,-0.1153846153846154,-0.012068149550402273,0.2692307692307692
2020-04-01,4447.0,28.0,0.24931506849315024,3937.0,,,-0.02541038902630988,0.2857142857142857,-0.032156510006746124,0.3928571428571429
2020-04-02,4665.0,32.0,0.2520547945205475,3560.0,,,-0.015219721329046088,0.21875,-0.022936763129689168,-0.03125
2020-04-03,4935.0,42.0,0.25479452054794477,3556.0,,,-0.0243161094224924,-0.047619047619047616,-0.031610942249240125,-0.09523809523809523
2020-04-04,5208.0,44.0,0.257534246575342,1386.0,,,-0.03629032258064517,0.045454545454545456,-0.05241935483870968,-0.045454545454545456
2020-04-05,5510.0,50.0,0.26027397260273927,1118.0,,,-0.04101633393829402,0.0,-0.019782214156079853,0.12
2020-04-06,5640.0,58.0,0.2630136986301365,3529.0,,,-0.006205673758865249,-0.05172413793103448,-0.008156028368794326,-0.03448275862068965
2020-04-07,5755.0,59.0,0.26575342465753377,2970.0,,,-0.007298001737619461,0.1694915254237288,-0.01216333622936577,-0.01694915254237288
2020-04-08,5863.0,69.0,0.268493150684931,2276.0,,,-0.005116834385127068,0.043478260869565216,-0.009380863039399627,-0.014492753623188406
2020-04-09,6010.0,80.0,0.27123287671232826,1330.0,,,-0.005990016638935108,-0.1,-0.01048252911813644,-0.0625
2020-04-10,6160.0,88.0,0.2739726027397255,1354.0,,,-0.0058441558441558435,-0.022727272727272728,-0.008928571428571428,0.03409090909090909
2020-04-11,6244.0,92.0,0.27671232876712276,1419.0,,,-0.01345291479820628,-0.043478260869565216,-0.0033632286995515697,0.07608695652173914
2020-04-12,6320.0,98.0,0.27945205479452,1245.0,,,0.018512658227848103,0.061224489795918366,-0.002689873417721519,-0.040816326530612235
2020-04-13,6415.0,103.0,0.28219178082191726,1317.0,,,-0.0017147310989867495,0.009708737864077669,-0.008885424785658612,-0.04854368932038835
2020-04-14,6488.0,114.0,0.2849315068493145,3368.0,,,-0.0043156596794081395,-0.09649122807017543,-0.006935881627620222,-0.09649122807017543
2020-04-15,6566.0,127.0,0.28767123287671176,3429.0,,,-0.003807493146512337,-0.031496062992125984,-0.0009137983551629607,-0.08661417322834647
2020-04-16,6677.0,130.0,0.290410958904109,3110.0,,,-0.004043732215066646,0.02307692307692308,-0.007338625131046876,0.030769230769230767
2020-04-17,6791.0,136.0,0.29315068493150626,3131.0,,,-0.002797820644971285,0.036764705882352935,-0.010455013989103229,-0.029411764705882363
2020-04-18,6791.0,136.0,0.2958904109589035,1176.0,,,0.009276984243852156,0.08088235294117647,0.007215432189662789,0.0
2020-04-19,6984.0,148.0,0.29863013698630075,1143.0,,,-0.01918671248568156,-0.06756756756756757,-0.02763459335624284,-0.08108108108108109
2020-04-20,7068.0,154.0,0.301369863013698,3776.0,,,-0.006508205998868138,-0.03896103896103896,-0.004810413129598189,-0.012987012987012988
2020-04-21,7113.0,154.0,0.30410958904109525,3581.0,,,-0.002389990158864052,0.0,-0.000984113594826374,0.0
2020-04-22,7166.0,163.0,0.3068493150684925,3346.0,,,0.0026514094334356684,-0.04294478527607362,0.0004186435947530003,-0.049079754601227016
2020-04-23,7250.0,169.0,0.30958904109588975,2975.0,,,-0.003034482758620689,0.005917159763313609,-0.004689655172413793,-0.035502958579881665
2020-04-24,7345.0,180.0,0.312328767123287,3281.0,,,-0.007079646017699116,-0.05,-0.007215793056501021,-0.06111111111111111
2020-04-25,7408.0,191.0,0.31506849315068425,1132.0,,,-0.0018898488120950325,-0.05759162303664921,-0.003239740820734341,-0.03664921465968586
2020-04-26,7467.0,193.0,0.3178082191780815,973.0,,,-0.007901432971742329,-0.010362694300518135,-0.003214142225793491,-0.010362694300518135
2020-04-27,7505.0,193.0,0.32054794520547875,4104.0,,,0.0015989340439706862,0.02072538860103627,-0.0010659560293137908,0.02072538860103627
2020-04-28,7533.0,193.0,0.323287671232876,4113.0,,,0.0013274923669188902,0.0,-0.0027877339705296694,0.03626943005181347
2020-04-29,7605.0,195.0,0.32602739726027324,3954.0,,,-0.00210387902695595,-0.005128205128205128,-0.005654174884944116,0.010256410256410256
2020-04-30,7667.0,202.0,0.3287671232876705,4439.0,,,-0.0015651493413329856,-0.034653465346534656,-0.005086735359332203,-0.0297029702970297
2020-05-01,7710.0,204.0,0.33150684931506774,1510.0,,,-0.00012970168612191958,-0.00980392156862745,-0.003372243839169909,0.004901960784313725
2020-05-02,7759.0,204.0,0.334246575342465,1555.0,,,-0.0012888258796236636,0.0196078431372549,-0.00347982987498389,0.0
2020-05-03,7759.0,204.0,0.33698630136986224,1260.0,,,0.004510890578682821,0.0,0.0,0.0
2020-05-04,7809.0,208.0,0.3397260273972595,4729.0,,,-0.0025611473940325264,0.0,-0.0064028684850813145,-0.019230769230769232
2020-05-05,7847.0,208.0,0.34246575342465674,4316.0,,,-0.003950554351981649,0.03365384615384615,0.001784121320249777,0.004807692307692308
2020-05-06,7903.0,209.0,0.345205479452054,4284.0,,,-0.0034164241427306085,0.014354066985645932,-0.006073642920409971,-0.004784688995215311
2020-05-07,7953.0,209.0,0.34794520547945124,3752.0,,,-0.0033949453036589967,0.004784688995215311,-0.004903809883062995,0.004784688995215311
2020-05-08,7995.0,209.0,0.3506849315068485,3806.0,,,-0.0031269543464665416,0.014354066985645932,-0.00525328330206379,0.0
2020-05-09,8034.0,213.0,0.35342465753424573,1304.0,,,-0.002116006970375902,-0.018779342723004692,0.00024894199651481205,-0.014084507042253518
2020-05-10,8069.0,213.0,0.356164383561643,1004.0,,,-0.004337588300904697,0.0,-0.004337588300904697,0.0
2020-05-11,8099.0,217.0,0.35890410958904023,4402.0,,,-0.003704161007531794,-0.018433179723502304,-0.003704161007531794,-0.018433179723502304
2020-05-12,8106.0,224.0,0.3616438356164375,4798.0,,,0.0055514433752775726,-0.026785714285714284,0.0044411547002220575,-0.03125
2020-05-13,8135.0,228.0,0.36438356164383473,4471.0,,,-0.002581438229870928,-0.017543859649122806,-0.0020897357098955127,-0.017543859649122806
2020-05-14,8158.0,229.0,0.367123287671232,4208.0,,,-0.0014709487619514589,0.0,-0.0004903162539838195,-0.004366812227074236
2020-05-15,8175.0,232.0,0.36986301369862923,4180.0,,,-0.0020795107033639145,-0.01293103448275862,0.00012232415902140674,-0.008620689655172414
2020-05-16,8197.0,232.0,0.3726027397260265,1311.0,,,0.002317921190679517,0.004310344827586207,-0.0014639502256923265,0.0
2020-05-17,8197.0,232.0,0.3753424657534237,667.0,,,0.0,0.0,0.0,0.0
2020-05-18,8197.0,232.0,0.378082191780821,4413.0,,,0.0,0.0,0.0,0.0
2020-05-19,8249.0,233.0,0.3808219178082182,4663.0,,,-0.0010910413383440416,-0.004291845493562232,-0.00630379439932113,-0.004291845493562232
2020-05-20,8257.0,233.0,0.3835616438356155,3955.0,,,0.0004844374470146542,0.0,0.003269952767348916,0.004291845493562232
2020-05-21,8268.0,234.0,0.3863013698630127,1149.0,,,0.0009675858732462506,-0.004273504273504274,-0.0013304305757135945,-0.004273504273504274
2020-05-22,8268.0,234.0,0.38904109589040997,3348.0,,,0.002177068214804064,0.004273504273504274,0.003749395258829221,0.004273504273504274
2020-05-23,8309.0,235.0,0.3917808219178072,1042.0,,,-0.0037308942110964014,-0.00425531914893617,-0.0016849199663016006,-0.00425531914893617
2020-05-24,8309.0,235.0,0.39452054794520447,902.0,,,0.0,0.0,0.0,0.0
2020-05-25,8309.0,235.0,0.3972602739726017,4072.0,,,0.0,0.0,0.0,0.0
2020-05-26,8352.0,235.0,0.39999999999999897,3458.0,,,-0.005148467432950193,0.0,0.0,0.00425531914893617
2020-05-27,8364.0,235.0,0.4027397260273962,3287.0,,,0.0027498804399808704,0.00425531914893617,0.0004782400765184122,0.0
2020-05-28,8383.0,235.0,0.40547945205479347,2786.0,,,-0.002266491709411905,0.0,-0.0007157342240248121,0.0
2020-05-29,8401.0,236.0,0.4082191780821907,2594.0,,,0.0015474348291870015,0.0,0.0,0.00847457627118644
2020-05-30,8411.0,236.0,0.41095890410958796,812.0,,,0.002021162763048389,0.0,0.00023778385447628106,0.0
2020-05-31,8411.0,236.0,0.4136986301369852,636.0,,,0.0,0.0,0.0,0.0
2020-06-01,8411.0,236.0,0.41643835616438246,745.0,,,0.0,0.0,0.0,0.0
2020-06-02,8411.0,236.0,0.4191780821917797,3845.0,,,0.0051123528712400425,0.00423728813559322,0.002972298180953513,0.0
2020-06-03,8446.0,237.0,0.42191780821917696,3139.0,,,-0.002249585602652143,-0.004219409282700422,-0.004143973478569736,-0.004219409282700422
2020-06-04,8446.0,237.0,0.4246575342465742,2928.0,,,0.0015391901491830452,0.0,0.0034335780251006395,0.004219409282700422
2020-06-05,8477.0,238.0,0.42739726027397146,2934.0,,,-0.0015335614014391884,0.008403361344537815,0.00011796626164916832,0.0
2020-06-06,8504.0,238.0,0.4301369863013687,952.0,,,-0.0017638758231420509,0.0,-0.0031749764816556914,0.0
2020-06-07,8504.0,238.0,0.43287671232876596,948.0,,,0.0,0.0,0.0018814675446848547,0.0
2020-06-08,8504.0,238.0,0.4356164383561632,5754.0,,,0.0,0.0,0.0,0.0
2020-06-09,8547.0,239.0,0.43835616438356045,5660.0,,,-0.002106002106002106,-0.0041841004184100415,-0.000702000702000702,0.012552301255230124
2020-06-10,8563.0,239.0,0.4410958904109577,4562.0,,,-0.0018685040289618125,0.0,-0.0011678150181011328,0.0
2020-06-11,8576.0,239.0,0.44383561643835495,4870.0,,,0.001865671641791045,0.0041841004184100415,0.001515858208955224,0.0041841004184100415
2020-06-12,8594.0,242.0,0.4465753424657522,4635.0,,,0.0016290435187340006,-0.008264462809917356,-0.00023272050267628575,-0.012396694214876032
2020-06-13,8606.0,242.0,0.44931506849314945,1249.0,,,-0.0013943760167325122,0.0,0.0011619800139437602,0.0
2020-06-14,8606.0,242.0,0.4520547945205467,1135.0,,,0.0018591680223100165,0.0,0.0,0.0
2020-06-15,8606.0,242.0,0.45479452054794395,5853.0,,,0.0,0.0,0.0,0.0
2020-06-16,8631.0,242.0,0.4575342465753412,5458.0,,,0.0013903371567605145,0.016528925619834708,0.001737921445950643,0.0
2020-06-17,8631.0,242.0,0.46027397260273845,4985.0,,,0.0006951685783802572,0.0,0.0011586142973004287,0.004132231404958678
2020-06-18,8660.0,243.0,0.4630136986301357,4565.0,,,-0.0003464203233256351,0.0,-0.0008083140877598152,0.0
2020-06-19,8692.0,244.0,0.46575342465753294,3813.0,,,-0.0018407731247123802,-0.004098360655737704,-0.002761159687068569,-0.004098360655737704
2020-06-20,8692.0,244.0,0.4684931506849302,1065.0,,,0.0025310630464795212,0.0,0.0,0.0
2020-06-21,8708.0,244.0,0.47123287671232744,1034.0,,,-0.0018373909049150207,0.0,-0.0018373909049150207,0.0
2020-06-22,8708.0,244.0,0.4739726027397247,5039.0,,,0.0,0.0,0.0,0.0
2020-06-23,8745.0,248.0,0.47671232876712194,4666.0,,,0.0003430531732418525,-0.016129032258064516,-0.00022870211549456832,-0.016129032258064516
2020-06-24,8751.0,248.0,0.4794520547945192,4633.0,,,0.0004570906182150611,0.004032258064516129,0.0,0.0
2020-06-25,8777.0,249.0,0.48219178082191644,4180.0,,,-0.00045573658425430096,0.0,-0.0017090121909536288,-0.004016064257028112
2020-06-26,8793.0,249.0,0.4849315068493137,3935.0,,,-0.0009098146252701012,0.0,-0.001023541453428864,0.004016064257028112
2020-06-27,8815.0,249.0,0.48767123287671094,1116.0,,,-0.002495745887691436,0.0,-0.0012478729438457176,0.0
2020-06-28,8815.0,249.0,0.4904109589041082,994.0,,,0.0,0.0,0.0,0.0
2020-06-29,8815.0,249.0,0.49315068493150543,5945.0,,,0.0,0.0,0.0,0.0
2020-06-30,8855.0,249.0,0.4958904109589027,5031.0,,,-0.000564652738565782,0.0,-0.0027103331451157537,0.004016064257028112
2020-07-01,8865.0,250.0,0.49863013698629993,5124.0,,,-0.0004512126339537507,-0.004,-0.0007896221094190638,-0.004
2020-07-02,8887.0,251.0,0.5013698630136972,4747.0,,,-0.0012377630246427367,-0.00398406374501992,-0.0005626195566557894,-0.00398406374501992
2020-07-03,8895.0,251.0,0.5041095890410945,4543.0,,,-0.00011242270938729624,0.00398406374501992,0.00022484541877459247,0.00398406374501992
2020-07-04,8895.0,251.0,0.5068493150684917,1430.0,,,0.0012366498032602587,0.0,0.00044969083754918494,0.00398406374501992
2020-07-05,8895.0,251.0,0.509589041095889,1199.0,,,0.0,0.0,0.0,0.0
2020-07-06,8895.0,251.0,0.5123287671232862,6330.0,,,0.0,0.0,0.0,0.0
2020-07-07,8930.0,251.0,0.5150684931506835,5350.0,,,-0.002127659574468085,0.00398406374501992,-0.002463605823068309,0.0
2020-07-08,8936.0,251.0,0.5178082191780807,5306.0,,,-0.0003357206803939123,0.0,0.0004476275738585497,0.0
2020-07-09,8947.0,251.0,0.520547945205478,4819.0,,,0.0006706158488878954,0.0,0.0004470772325919303,0.0
2020-07-10,8954.0,252.0,0.5232876712328752,4703.0,,,0.00033504578959124413,0.0,0.00022336385972749609,-0.003968253968253968
2020-07-11,8965.0,252.0,0.5260273972602725,1397.0,,,-0.0007808142777467931,0.003968253968253968,0.0013385387618516456,0.0
2020-07-12,8965.0,252.0,0.5287671232876697,1201.0,,,0.0,0.0,0.0,0.0
2020-07-13,8965.0,252.0,0.531506849315067,6375.0,,,0.0,0.0,0.0,0.0
2020-07-14,8981.0,253.0,0.5342465753424642,5267.0,,,-0.00033403852577663955,-0.003952569169960474,0.0017815388041420774,-0.003952569169960474
2020-07-15,8984.0,253.0,0.5369863013698615,5411.0,,,0.0007791629563668745,0.0,0.0013357079252003562,0.0
2020-07-16,9001.0,253.0,0.5397260273972587,4560.0,,,-0.0002221975336073769,0.0,0.00011109876680368847,0.0
2020-07-17,9011.0,254.0,0.542465753424656,4145.0,,,-0.00011097547442015315,-0.003937007874015748,0.0013317056930418378,-0.003937007874015748
2020-07-18,9015.0,255.0,0.5452054794520532,1421.0,,,0.0021075984470327234,-0.0039215686274509795,0.0035496394897393227,-0.0039215686274509795
2020-07-19,9015.0,255.0,0.5479452054794505,1350.0,,,0.0,0.0,0.0,0.0
2020-07-20,9015.0,255.0,0.5506849315068477,6024.0,,,0.0,0.0,0.0,0.0
2020-07-21,9028.0,255.0,0.553424657534245,4826.0,,,0.002104563579973416,0.0,0.005206025697828976,0.0039215686274509795
2020-07-22,9038.0,255.0,0.5561643835616422,4931.0,,,0.0005532197388802832,0.0,0.006085417127683116,0.0
2020-07-23,9053.0,255.0,0.5589041095890395,4485.0,,,0.0003313818623660665,0.0,0.0015464486910416436,0.0
2020-07-24,9062.0,255.0,0.5616438356164367,4529.0,,,0.0014345619068638267,0.0,0.004193334804678879,0.0
2020-07-25,9085.0,255.0,0.564383561643834,1709.0,,,0.0014309301045679693,0.0,0.003962575674188222,0.0
2020-07-26,9085.0,255.0,0.5671232876712312,1473.0,,,0.0,0.0,0.0,0.0
2020-07-27,9085.0,255.0,0.5698630136986285,6879.0,,,0.0,0.0,0.0,0.0
2020-07-28,9117.0,255.0,0.5726027397260257,5895.0,,,0.0030711856970494678,0.0039215686274509795,0.015136558078315238,0.0
2020-07-29,9132.0,255.0,0.575342465753423,5900.0,,,0.005475251861585633,0.0,0.003394656154183093,0.0
2020-07-30,9150.0,255.0,0.5780821917808202,5567.0,,,0.0012021857923497268,0.0,0.0052459016393442606,0.0
2020-07-31,9172.0,255.0,0.5808219178082175,5473.0,,,0.002725686873092019,0.0,0.0011993022241604885,0.0039215686274509795
2020-08-01,9208.0,255.0,0.5835616438356147,2116.0,,,0.0024978279756733275,0.0,0.003366637706342311,0.015686274509803918
2020-08-02,9208.0,255.0,0.586301369863012,1907.0,,,0.0,0.0,0.0,0.0
2020-08-03,9208.0,255.0,0.5890410958904092,9327.0,,,0.0,0.0,0.0,0.0
2020-08-04,9268.0,256.0,0.5917808219178065,8444.0,,,0.011868795856711264,-0.00390625,0.010142425550280536,-0.00390625
2020-08-05,9333.0,256.0,0.5945205479452037,8766.0,,,-0.0020357869923925856,0.0,-0.0009643201542912248,0.00390625
2020-08-06,9362.0,256.0,0.597260273972601,8690.0,,,0.003952146977141637,0.0,0.002349925229651784,0.0
2020-08-07,9409.0,256.0,0.5999999999999982,8450.0,,,-0.0014879370815176955,0.00390625,0.0004251248804336274,0.0078125
2020-08-08,9468.0,256.0,0.6027397260273955,3304.0,,,0.0008449514152936206,0.015625,-0.002534854245880861,0.0
2020-08-09,9468.0,256.0,0.6054794520547927,3176.0,,,0.0,0.0,0.0,0.0
2020-08-10,9468.0,256.0,0.60821917808219,13508.0,,,0.0,0.0,0.0,0.0
2020-08-11,9638.0,256.0,0.6109589041095872,12979.0,,,-0.001660095455488691,0.0,-0.004565262502593899,0.0
2020-08-12,9684.0,256.0,0.6136986301369844,13447.0,,,0.0010326311441553077,0.00390625,0.0026848409748038,0.0
2020-08-13,9750.0,256.0,0.6164383561643817,13274.0,,,-0.0015384615384615385,0.0,-0.000717948717948718,0.0
2020-08-14,9783.0,257.0,0.619178082191779,13781.0,,,0.0018399264029438824,0.003891050583657589,0.0018399264029438824,-0.003891050583657589
2020-08-15,9850.0,261.0,0.6219178082191762,6038.0,,,-0.003248730964467005,-0.01532567049808429,-0.0029441624365482235,-0.01532567049808429
2020-08-16,9850.0,261.0,0.6246575342465734,5302.0,,,0.0,0.0,0.0,0.0
2020-08-17,9850.0,261.0,0.6273972602739707,18275.0,,,0.0,0.0,0.0,0.0
2020-08-18,10004.0,261.0,0.6301369863013679,16994.0,,,-0.002798880447820872,0.0,-0.005297880847660936,0.0
2020-08-19,10060.0,262.0,0.6328767123287652,16541.0,,,0.0015904572564612329,-0.0038167938931297713,0.008250497017892645,-0.0038167938931297713
2020-08-20,10111.0,262.0,0.6356164383561624,15670.0,,,0.0007912174859064383,0.0,0.003659380872317278,0.0
2020-08-21,10162.0,264.0,0.6383561643835597,15275.0,,,0.0,-0.007575757575757577,0.0111198582956111,-0.007575757575757577
2020-08-22,10197.0,264.0,0.6410958904109569,6818.0,,,0.0002942041776993233,0.0,0.004903402961655388,0.0
2020-08-23,10197.0,264.0,0.6438356164383542,6967.0,,,0.0,0.0,0.0,0.0
2020-08-24,10197.0,264.0,0.6465753424657514,21197.0,,,0.0,0.0,0.0,0.0
2020-08-25,10323.0,264.0,0.6493150684931487,19395.0,,,-0.0024217766153250024,0.0,0.013658820110433014,0.0
2020-08-26,10395.0,264.0,0.6520547945205459,18871.0,,,0.006445406445406445,0.0,0.005772005772005772,0.0
2020-08-27,10454.0,264.0,0.6547945205479432,17340.0,,,0.002774057776927493,0.0,0.004400229577195332,0.0
2020-08-28,10505.0,264.0,0.6575342465753404,16517.0,,,0.010756782484531177,0.0,0.006758686339838172,0.003787878787878789
2020-08-29,10543.0,264.0,0.6602739726027377,6399.0,,,0.004457934174333681,0.0,0.007777672389263019,0.0
2020-08-30,10543.0,264.0,0.6630136986301349,6802.0,,,0.0,0.0,0.0,0.0
2020-08-31,10543.0,264.0,0.6657534246575322,22744.0,,,0.0,0.0,0.0,0.0
2020-09-01,10644.0,264.0,0.6684931506849294,20447.0,,,0.0155956407365652,0.0,0.017662532882375046,0.0
2020-09-02,10783.0,264.0,0.6712328767123267,19197.0,,,-0.0006491699897987572,0.0,-0.0015765556895112678,0.0
2020-09-03,10871.0,264.0,0.6739726027397239,17746.0,,,0.0015637935792475394,0.0,0.0025756600128783,0.0
2020-09-04,11035.0,264.0,0.6767123287671212,15610.0,,,-0.0038060715903942,0.003787878787878789,-0.0052560036248300865,0.003787878787878789
2020-09-05,11120.0,264.0,0.6794520547945184,6022.0,,,0.003147482014388489,0.0,0.005485611510791367,0.003787878787878789
2020-09-06,11120.0,264.0,0.6821917808219157,6430.0,,,0.0,0.0,0.0,0.0
2020-09-07,11120.0,264.0,0.6849315068493129,21037.0,,,0.0,0.0,0.0,0.0
2020-09-08,11387.0,264.0,0.6876712328767102,18887.0,,,0.0019320277509440593,0.0,-0.0014051110915956793,0.0
2020-09-09,11519.0,264.0,0.6904109589041074,17961.0,,,-0.0008681309141418525,0.0,-0.002430766559597187,0.0
2020-09-10,11624.0,264.0,0.6931506849315047,15699.0,,,0.0009463179628355127,0.0,0.004043358568479009,0.0
2020-09-11,11746.0,265.0,0.6958904109589019,14987.0,,,-0.0013621658436914696,0.0,8.513536523071685e-05,0.007547169811320755
2020-09-12,11866.0,265.0,0.6986301369862992,7118.0,,,0.0021911343333895165,0.0037735849056603774,0.0009270183718186416,0.0
2020-09-13,11866.0,265.0,0.7013698630136964,6776.0,,,0.0,0.0,0.0,0.0
2020-09-14,11866.0,265.0,0.7041095890410937,21550.0,,,0.0,0.0,0.0,0.0
2020-09-15,12155.0,265.0,0.7068493150684909,19025.0,,,-0.0031262854792266557,0.0,0.00024681201151789385,0.01509433962264151
2020-09-16,12277.0,265.0,0.7095890410958882,17711.0,,,-0.001466156227091309,0.0,-0.002606499959273438,0.0
2020-09-17,12393.0,265.0,0.7123287671232854,15293.0,,,0.002904865649963689,0.0,0.0008069071249899136,0.0
2020-09-18,12499.0,266.0,0.7150684931506827,14155.0,,,0.0013601088087046966,0.0075187969924812035,0.0005600448035842868,-0.003759398496240601
2020-09-19,12645.0,267.0,0.7178082191780799,5855.0,,,-0.0011862396204033216,-0.003745318352059925,-0.0018979833926453145,0.0
2020-09-20,12645.0,267.0,0.7205479452054772,5820.0,,,0.0,0.0,0.0,0.0
2020-09-21,12645.0,267.0,0.7232876712328744,20817.0,,,0.0,0.0,0.0,0.0
2020-09-22,12896.0,267.0,0.7260273972602717,16815.0,,,0.003179280397022333,0.0149812734082397,0.004419975186104218,0.0
2020-09-23,13000.0,267.0,0.7287671232876689,16376.0,,,-0.0010769230769230767,0.0,0.0033076923076923075,0.0
2020-09-24,13152.0,267.0,0.7315068493150662,14499.0,,,-0.0019768856447688566,0.0,0.0021289537712895377,0.0
2020-09-25,13275.0,270.0,0.7342465753424634,13915.0,,,-0.0007532956685499057,-0.011111111111111113,0.007909604519774011,-0.011111111111111113
2020-09-26,13406.0,270.0,0.7369863013698607,6043.0,,,-0.0006713411905117112,0.003703703703703704,0.0058182903177681645,0.0
2020-09-27,13406.0,270.0,0.7397260273972579,5994.0,,,0.0,0.0,0.0,0.0
2020-09-28,13406.0,270.0,0.7424657534246552,19257.0,,,0.0,0.0,0.0,0.0
2020-09-29,13698.0,274.0,0.7452054794520524,15546.0,,,0.0011680537304716017,-0.0145985401459854,0.0008030369396992261,-0.010948905109489052
2020-09-30,13788.0,274.0,0.7479452054794496,15005.0,,,0.004134029590948651,0.0,0.0018131708732230926,0.0036496350364963507
2020-10-01,13914.0,274.0,0.7506849315068469,12960.0,,,0.0038809831824062092,0.0,0.0018686215322696567,0.0
2020-10-02,14027.0,274.0,0.7534246575342441,13199.0,,,0.008198474370856206,0.0,0.0034932629927996012,0.0036496350364963507
2020-10-03,14149.0,275.0,0.7561643835616414,5829.0,,,0.006148844441303272,-0.003636363636363637,0.004311258746201145,-0.003636363636363637
2020-10-04,14149.0,275.0,0.7589041095890386,6039.0,,,0.0,0.0,0.0,0.0
2020-10-05,14149.0,275.0,0.7616438356164359,19343.0,,,0.0,0.0,0.0,0.0
2020-10-06,14457.0,275.0,0.7643835616438331,15020.0,,,-0.0003458532198934772,0.003636363636363637,0.0008300477277443455,0.0
2020-10-07,14604.0,275.0,0.7671232876712304,14372.0,,,-0.002191180498493564,0.003636363636363637,0.0,0.0
2020-10-08,14784.0,275.0,0.7698630136986276,13139.0,,,-0.0018939393939393944,0.0,-0.0008116883116883117,0.003636363636363637
2020-10-09,15012.0,275.0,0.7726027397260249,12824.0,,,-0.004396482813749001,0.003636363636363637,-0.0023314681588062877,0.0
2020-10-10,15221.0,275.0,0.7753424657534221,5938.0,,,-0.0017081663491229225,0.0,0.003876223638394324,0.0
2020-10-11,15221.0,275.0,0.7780821917808194,6502.0,,,0.0,0.0,0.0,0.0
2020-10-12,15221.0,275.0,0.7808219178082166,19920.0,,,0.0,0.0,0.0,0.0
2020-10-13,15524.0,276.0,0.7835616438356139,15839.0,,,0.0010950785879927849,-0.0036231884057971015,0.02402731254831229,-0.0036231884057971015
2020-10-14,15639.0,277.0,0.7863013698630111,15342.0,,,0.002046166634695313,-0.0036101083032490976,0.020333780932284672,0.0
2020-10-15,15791.0,277.0,0.7890410958904084,13858.0,,,0.0010132353872458995,0.0036101083032490976,0.010765625989487684,0.0
2020-10-16,15953.0,278.0,0.7917808219178056,13142.0,,,0.0019432081740111574,-0.0035971223021582736,0.015106876449570613,0.0
2020-10-17,16136.0,278.0,0.7945205479452029,5973.0,,,0.005267724343083789,0.0,0.01945959345562717,0.0035971223021582736
2020-10-18,16136.0,278.0,0.7972602739726001,6453.0,,,0.0,0.0,0.0,0.0
2020-10-19,16136.0,278.0,0.7999999999999974,20739.0,,,0.0,0.0,0.0,0.0
2020-10-20,16456.0,278.0,0.8027397260273946,17082.0,,,0.02163344676713661,0.0,0.045636849781234806,0.0
2020-10-21,16603.0,278.0,0.8054794520547919,16268.0,,,0.017225802565801362,0.0035971223021582736,0.033307233632476056,0.0
2020-10-22,16771.0,279.0,0.8082191780821891,15669.0,,,0.009182517440820465,-0.003584229390681004,0.026951284956174347,-0.003584229390681004
2020-10-23,16964.0,279.0,0.8109589041095864,15503.0,,,0.012379155859467106,0.003584229390681004,0.02522989860881868,0.007168458781362006
2020-10-24,17232.0,279.0,0.8136986301369836,7552.0,,,0.013289229340761374,0.003584229390681004,0.02216805942432684,0.003584229390681004
2020-10-25,17232.0,279.0,0.8164383561643809,7832.0,,,0.0,0.0,0.0,0.0
2020-10-26,17232.0,279.0,0.8191780821917781,23645.0,,,0.0,0.0,0.0,0.0
2020-10-27,17908.0,279.0,0.8219178082191754,21085.0,,,0.02205718114809024,0.0,0.04612463703372794,0.0
2020-10-28,18341.0,280.0,0.8246575342465726,21366.0,,,0.01455754866146884,-0.0035714285714285718,0.008778147320211548,-0.0035714285714285718
2020-10-29,18663.0,280.0,0.8273972602739699,21116.0,,,0.0159674221722124,0.0,0.01296683277072282,0.0
2020-10-30,19066.0,281.0,0.8301369863013671,20736.0,,,0.011433966222595196,0.0035587188612099642,0.011276618063568656,0.017793594306049824
2020-10-31,19563.0,282.0,0.8328767123287644,9666.0,,,0.007820886367121607,0.0,0.01155242038542146,0.007092198581560284
2020-11-01,19563.0,282.0,0.8356164383561616,9788.0,,,0.0,0.0,0.0,0.0
2020-11-02,19563.0,282.0,0.8383561643835589,28043.0,,,0.0,0.0,0.0,0.0
2020-11-03,20634.0,282.0,0.8410958904109561,27348.0,,,0.02088785499660754,0.0,0.03227682465833091,0.0
2020-11-04,21334.0,282.0,0.8438356164383534,25893.0,,,-0.004968594731414643,0.0,-0.007171650885909816,0.014184397163120569
2020-11-05,21954.0,282.0,0.8465753424657506,27870.0,,,-0.0025507880112963467,0.0,-0.0007743463605721054,0.0035460992907801405
2020-11-06,22575.0,284.0,0.8493150684931479,27391.0,,,-0.00013289036544850502,0.014084507042253518,0.0015060908084163901,0.014084507042253518
2020-11-07,23225.0,285.0,0.8520547945205451,12579.0,,,0.0031431646932185146,0.007017543859649123,0.000861141011840689,0.0
2020-11-08,23225.0,285.0,0.8547945205479424,11752.0,,,0.0,0.0,0.0,0.0
2020-11-09,23225.0,285.0,0.8575342465753396,31137.0,,,0.0,0.0,0.0,0.0
2020-11-10,24727.0,285.0,0.8602739726027369,25726.0,,,0.009503781291705423,0.0,-0.006996400695595907,0.017543859649122806
2020-11-11,25321.0,285.0,0.8630136986301341,23879.0,,,-0.0018561668180561586,0.014035087719298246,-0.007029738161999921,0.010526315789473684
2020-11-12,25885.0,285.0,0.8657534246575314,23687.0,,,0.0015066640911724938,0.003508771929824561,-0.0012748696156074948,0.007017543859649123
2020-11-13,26503.0,291.0,0.8684931506849286,22181.0,,,0.0013960683696185338,0.0,-0.0024525525412217486,-0.020618556701030927
2020-11-14,27226.0,294.0,0.8712328767123259,9927.0,,,-0.001946668625578491,-0.006802721088435374,-0.008925292000293837,0.030612244897959183
2020-11-15,27226.0,294.0,0.8739726027397231,10970.0,,,0.0,0.0,0.0,0.0
2020-11-16,27226.0,294.0,0.8767123287671204,28508.0,,,0.0,0.0,0.0,0.0
2020-11-17,28963.0,294.0,0.8794520547945176,21822.0,,,-0.014086938507751268,0.017006802721088437,-0.022718641024755726,0.013605442176870748
2020-11-18,29510.0,298.0,0.8821917808219149,21612.0,,,-0.004439173161640122,-0.003355704697986577,-0.007556760420196543,-0.006711409395973154
2020-11-19,30113.0,299.0,0.8849315068493121,19394.0,,,-0.002390993922890446,0.0033444816053511705,-0.005379736326503504,0.05351170568561873
2020-11-20,30768.0,305.0,0.8876712328767093,18159.0,,,-0.0033151326053042123,-0.019672131147540985,-0.009035361414456579,-0.013114754098360656
2020-11-21,31438.0,306.0,0.8904109589041066,8312.0,,,-0.00604364145301864,0.03594771241830065,-0.008492906673452509,0.0
2020-11-22,31438.0,306.0,0.8931506849315038,8380.0,,,0.0,0.0,0.0,0.0
2020-11-23,31438.0,306.0,0.8958904109589011,25785.0,,,0.0,0.0,0.0,0.0
2020-11-24,32767.0,311.0,0.8986301369862983,19527.0,,,-0.007629627368999298,-0.003215434083601286,-0.01153599658192694,0.0
2020-11-25,33183.0,314.0,0.9013698630136956,19439.0,,,-0.0027725039930084684,-0.0031847133757961785,-0.0010547569538619172,-0.0031847133757961785
2020-11-26,33714.0,316.0,0.9041095890410928,18607.0,,,-0.002669514148424987,0.04746835443037975,-0.002135611318739989,-0.006329113924050633
2020-11-27,34267.0,316.0,0.9068493150684901,15948.0,,,-0.0051361368080077045,0.006329113924050633,-0.005573875740508361,0.06645569620253164
2020-11-28,34747.0,328.0,0.9095890410958873,7030.0,,,-0.0022160186490920077,-0.03353658536585366,0.0005180303335539758,-0.021341463414634148
2020-11-29,34747.0,328.0,0.9123287671232846,7108.0,,,0.0,0.0,0.0,0.0
2020-11-30,34747.0,328.0,0.9150684931506818,23003.0,,,0.0,0.0,0.0,0.0
2020-12-01,35826.0,332.0,0.9178082191780791,18365.0,,,-0.0035728242058839952,0.0030120481927710845,-0.002735443532629933,0.006024096385542169
2020-12-02,36150.0,334.0,0.9205479452054763,17647.0,,,0.0015767634854771785,0.0,0.00019363762102351322,0.0
2020-12-03,36591.0,351.0,0.9232876712328736,17591.0,,,0.0004919242436664754,-0.04843304843304843,0.002104342597906589,-0.028490028490028487
2020-12-04,36968.0,353.0,0.9260273972602708,15708.0,,,-0.00040575632979874486,0.05382436260623229,0.0022451850248863888,0.0
2020-12-05,37371.0,354.0,0.9287671232876681,6814.0,,,0.0025420780819351905,0.011299435028248588,0.0016055229991169624,-0.002824858757062147
2020-12-06,37371.0,354.0,0.9315068493150653,7392.0,,,0.0,0.0,0.0,0.0
2020-12-07,37371.0,354.0,0.9342465753424626,23707.0,,,0.0,0.0,0.0,0.0
2020-12-08,38322.0,359.0,0.9369863013698598,19045.0,,,0.0007828401440425865,0.0027855153203342627,0.004670946192787433,-0.011142061281337049
2020-12-09,38703.0,361.0,0.9397260273972571,18923.0,,,-0.0012918895176084542,0.0,0.0012918895176084542,-0.00554016620498615
2020-12-10,39162.0,361.0,0.9424657534246543,19340.0,,,0.0015065624840406517,0.01939058171745152,0.003498289157857105,0.0443213296398892
2020-12-11,39524.0,382.0,0.9452054794520516,17849.0,,,0.0024795061228620584,-0.04973821989528796,-0.009158992004857808,-0.0549738219895288
2020-12-12,40022.0,387.0,0.9479452054794488,9001.0,,,-0.0008745190145420019,-0.012919896640826873,-0.01244315626405477,-0.012919896640826873
2020-12-13,40022.0,387.0,0.9506849315068461,9141.0,,,0.0,0.0,0.0,0.0
2020-12-14,40022.0,387.0,0.9534246575342433,26095.0,,,0.0,0.0,0.0,0.0
2020-12-15,41003.0,393.0,0.9561643835616406,22618.0,,,0.003633880447772113,-0.012722646310432573,0.02790039753188791,0.005089058524173028
2020-12-16,41334.0,395.0,0.9589041095890378,23165.0,,,0.002419315817486815,-0.005063291139240506,0.004717665844099289,0.005063291139240506
2020-12-17,41852.0,402.0,0.9616438356164351,23964.0,,,0.0018637102169549843,0.022388059701492536,0.0042291885692440035,-0.009950248756218905
2020-12-18,42312.0,404.0,0.9643835616438323,24283.0,,,-0.010871620344110416,-0.0049504950495049506,-0.010871620344110416,-0.0049504950495049506
2020-12-19,42775.0,404.0,0.9671232876712296,13331.0,,,-0.010824079485680888,0.0,-0.010824079485680888,0.0
2020-12-20,42775.0,404.0,0.9698630136986268,12719.0,,,0.0,0.0,0.0,0.0
2020-12-21,42775.0,404.0,0.9726027397260241,31807.0,,,0.0,0.0,0.0,0.0
2020-12-22,43905.0,405.0,0.9753424657534213,26569.0,,,0.022662566905819383,0.01728395061728395,0.029768819041111488,0.02962962962962963
2020-12-23,44336.0,405.0,0.9780821917808186,18386.0,,,0.0021427282569469507,0.009876543209876543,0.0021201732226632983,0.007407407407407408
2020-12-24,44932.0,421.0,0.9808219178082158,6106.0,,,0.0022033294756520967,-0.03087885985748218,0.0076560135315588,-0.004750593824228029
2020-12-25,44932.0,421.0,0.9835616438356131,6594.0,,,0.0,0.0,0.0175153565387697,0.0023752969121140144
2020-12-26,44932.0,421.0,0.9863013698630103,10927.0,,,0.0,0.0,0.018361078963767468,0.009501187648456056
2020-12-27,44932.0,421.0,0.9890410958904076,10307.0,,,0.0,0.0,0.0,0.0
2020-12-28,44932.0,421.0,0.9917808219178048,21779.0,,,0.0,0.0,0.03741208937950681,0.0166270783847981
2020-12-29,47057.0,429.0,0.9945205479452021,19357.0,,,0.0066302569224557465,0.011655011655011656,-0.036062647427587816,-0.009324009324009324
2020-12-30,47583.0,433.0,0.9972602739725993,19150.0,,,-2.101590904314566e-05,-0.002309468822170901,0.003929974991068239,0.053117782909930716
2020-12-31,48278.0,436.0,0.9999999999999966,9076.0,,,0.005074775259952774,0.02522935779816514,-0.0006214010522391151,-0.002293577981651377
2021-01-01,48278.0,436.0,0.0,7281.0,,,0.016301420937072788,0.002293577981651377,0.009424582625626579,0.013761467889908258
2021-01-02,48278.0,436.0,0.0027472527472527475,15328.0,,,0.017088528936575666,0.009174311926605505,0.0,0.0
2021-01-03,48278.0,436.0,0.005494505494505495,15308.0,,,0.0,0.0,0.0,0.0
2021-01-04,48278.0,436.0,0.008241758241758242,37943.0,,,0.03481917229379842,0.016055045871559634,0.014727204938067031,0.0
2021-01-05,50715.0,449.0,0.01098901098901099,31725.0,,,-0.03961352657004831,-0.0200445434298441,-0.04399092970521542,-0.0200445434298441
2021-01-06,51240.0,452.0,0.013736263736263738,29832.0,,,0.0036690085870413744,0.05309734513274336,-0.0027907884465261518,0.0022123893805309734
2021-01-07,52180.0,466.0,0.016483516483516484,29215.0,,,-0.005270218474511307,-0.02575107296137339,-0.009908010732081257,0.008583690987124462
2021-01-08,52967.0,467.0,0.019230769230769232,27639.0,,,-0.006268053693809353,0.010706638115631693,-0.006721166009024487,0.0
2021-01-09,53792.0,471.0,0.02197802197802198,15381.0,,,-0.015336853063652588,-0.008492569002123142,-0.008421326591314693,-0.008492569002123142
2021-01-10,53792.0,471.0,0.024725274725274728,14645.0,,,0.0,0.0,0.005688578227245686,0.0
2021-01-11,55473.0,478.0,0.027472527472527476,32575.0,,,-0.01748598417248031,-0.014644351464435146,-0.02601265480504029,-0.014644351464435146
2021-01-12,55901.0,482.0,0.030219780219780223,23543.0,,,-0.003971306416700953,0.0,-0.0026654263787767663,0.0
2021-01-13,56614.0,509.0,0.03296703296703297,22261.0,,,-0.005846610379058185,-0.045186640471512766,-0.008496131698873071,-0.04911591355599214
2021-01-14,57279.0,511.0,0.03571428571428571,20172.0,,,-0.004224934094519807,0.03131115459882583,-0.006721486059463329,0.007827788649706456
2021-01-15,57734.0,517.0,0.03846153846153846,18578.0,,,-0.00041569958776457546,-0.009671179883945842,-0.0015415526379603008,-0.009671179883945842
2021-01-16,57734.0,517.0,0.0412087912087912,8649.0,,,0.0064433436103509215,0.0,0.00547337790556691,0.01160541586073501
2021-01-17,57734.0,517.0,0.043956043956043946,8640.0,,,0.005300169743998336,0.0,0.005178924030900336,0.0
2021-01-18,58445.0,517.0,0.04670329670329669,23254.0,,,-0.008093078963127727,0.0,-0.008435281033450252,0.0
2021-01-19,58651.0,521.0,0.049450549450549434,17861.0,,,0.001244650560092752,0.0,-0.0005626502531926136,0.0
2021-01-20,59033.0,525.0,0.05219780219780218,17557.0,,,-0.002540951671099216,-0.0038095238095238095,-0.0014906916470448733,-0.005714285714285714
2021-01-21,59456.0,543.0,0.05494505494505492,15224.0,,,-0.002405139935414424,-0.02209944751381216,-0.0021864908503767488,-0.02209944751381216
2021-01-22,59887.0,544.0,0.05769230769230767,15009.0,,,-0.0010853774608846662,0.0,-0.002454622873077629,0.012867647058823529
2021-01-23,60259.0,544.0,0.06043956043956041,8479.0,,,-0.0009293217610647373,0.011029411764705885,0.0,0.0
2021-01-24,60565.0,544.0,0.06318681318681316,9576.0,,,-0.00011557830430116404,0.0,-0.000528357962519607,0.0
2021-01-25,60803.0,544.0,0.06593406593406591,27913.0,,,-0.000328931138266204,0.0,-0.0011183658701050935,0.0
2021-01-26,61082.0,548.0,0.06868131868131866,21339.0,,,-0.0017353721227202775,0.0,-0.002619429619200419,-0.007299270072992701
2021-01-27,61314.0,550.0,0.07142857142857141,20753.0,,,0.0010111883093583847,-0.0018181818181818184,0.0018266627523893398,-0.0018181818181818184
2021-01-28,61594.0,556.0,0.07417582417582416,20426.0,,,0.0002110595187842972,0.0,-0.0009416501607299412,0.00539568345323741
2021-01-29,61960.0,557.0,0.07692307692307691,17949.0,,,-0.0013234344738540995,0.012567324955116695,-0.002533892834086508,-0.0017953321364452427
2021-01-30,62276.0,563.0,0.07967032967032966,7331.0,,,0.0008992228145674096,-0.010657193605683835,-0.0008349926135268802,-0.010657193605683835
2021-01-31,62575.0,563.0,0.08241758241758242,7137.0,,,-0.0003995205753096285,0.0,0.0020135836995605273,0.0
2021-02-01,62793.0,563.0,0.08516483516483517,22615.0,,,-0.0007644164158425303,0.0,-0.0009873712037966015,0.0
2021-02-02,62966.0,567.0,0.08791208791208792,17816.0,,,-0.0008576056919607408,-0.007054673721340388,-0.001016421560842359,-0.005291005291005291
2021-02-03,63260.0,568.0,0.09065934065934067,17960.0,,,0.0007903888713246918,0.0,0.0008536199810306671,-0.0017605633802816902
2021-02-04,63553.0,574.0,0.09340659340659342,17657.0,,,-0.0011171777886173743,0.005226480836236934,-4.720469529369188e-05,0.013937282229965157
2021-02-05,63837.0,582.0,0.09615384615384617,16080.0,,,-0.0011748672400018795,-0.013745704467353952,0.0011592023434685214,-0.013745704467353952
2021-02-06,64209.0,582.0,0.09890109890109892,7595.0,,,-0.0016820071952530018,0.0,-0.0007008363313554174,0.0
2021-02-07,64483.0,582.0,0.10164835164835168,6887.0,,,0.002341702464215375,0.0,0.000139571670052572,0.0
2021-02-08,64653.0,582.0,0.10439560439560443,22913.0,,,-0.000216540609097799,0.0,0.0005877530818368831,0.0
2021-02-09,64772.0,582.0,0.10714285714285718,20978.0,,,-0.00015438769838819244,0.001718213058419244,0.0014975606743654665,0.001718213058419244
2021-02-10,65116.0,583.0,0.10989010989010993,19430.0,,,6.142883469500583e-05,-0.0017152658662092624,-0.0017967934148289207,-0.0017152658662092624
2021-02-11,65338.0,592.0,0.11263736263736268,17815.0,,,0.0010407419878171967,0.008445945945945945,0.002555939881845175,0.005067567567567568
2021-02-12,65547.0,592.0,0.11538461538461543,18116.0,,,0.002273178024928677,0.0,0.002029078371245061,0.0
2021-02-13,65811.0,592.0,0.11813186813186818,8392.0,,,0.0009572867757669688,0.0,0.0042698029204844175,0.0033783783783783786
2021-02-14,66236.0,592.0,0.12087912087912094,6731.0,,,-0.00214384926626004,0.0,-0.006416450268736035,0.0
2021-02-15,66392.0,592.0,0.12362637362637369,22248.0,,,0.0007832268948066032,0.0,-0.002349680684419809,0.0
2021-02-16,66501.0,593.0,0.12637362637362642,19684.0,,,0.0016089983609269033,0.0,0.012917098990992616,0.0
2021-02-17,66849.0,593.0,0.12912087912087916,19893.0,,,-0.0018100495145776305,0.0,0.005729330281679606,0.0
2021-02-18,67139.0,607.0,0.1318681318681319,18747.0,,,0.0014745527934583475,-0.0032948929159802307,0.003127839258851041,-0.008237232289950576
2021-02-19,67497.0,607.0,0.13461538461538464,18101.0,,,-0.00023704757248470303,0.0,0.004918737129057589,0.0
2021-02-20,67824.0,607.0,0.13736263736263737,8910.0,,,0.003214201462609106,0.0032948929159802307,0.0035828025477707007,0.0
2021-02-21,68107.0,607.0,0.1401098901098901,7650.0,,,-0.004155226335031641,0.0,-0.004155226335031641,0.0
2021-02-22,68315.0,607.0,0.14285714285714285,20476.0,,,-0.003044719314938154,0.0,-0.003044719314938154,0.0
2021-02-23,68531.0,608.0,0.1456043956043956,17143.0,,,0.010973136244911063,0.0,0.017962673826443506,-0.001644736842105263
2021-02-24,68758.0,608.0,0.14835164835164832,18279.0,,,0.007330056138922016,0.0,0.008740801070420896,0.0
2021-02-25,69147.0,620.0,0.15109890109890106,18776.0,,,0.001605275716950844,-0.004838709677419355,0.0047290554904768104,-0.00967741935483871
2021-02-26,69489.0,620.0,0.1538461538461538,19673.0,,,0.005007986875620602,0.0,0.004921642274316798,0.0016129032258064516
2021-02-27,70034.0,622.0,0.15659340659340654,10571.0,,,0.0003569694719707572,-0.003215434083601286,0.0046691606933775024,-0.003215434083601286
2021-02-28,70034.0,622.0,0.15934065934065927,11361.0,,,0.0,0.0,0.0,0.0
2021-03-01,70034.0,622.0,0.162087912087912,26945.0,,,0.0,0.0,0.0,0.0
2021-03-02,71002.0,623.0,0.16483516483516475,23975.0,,,0.006746288836934171,-0.0016051364365971107,0.02016844595926875,0.0
2021-03-03,71733.0,623.0,0.1675824175824175,24459.0,,,0.0013522367668994744,0.0,0.001812276079349811,0.0016051364365971107
2021-03-04,72233.0,632.0,0.17032967032967022,24932.0,,,0.002990322982570293,-0.004746835443037975,0.0090540334750045,-0.0031645569620253164
2021-03-05,72923.0,632.0,0.17307692307692296,26264.0,,,-8.227856780439642e-05,0.0015822784810126582,0.00512869739314071,0.0
2021-03-06,73493.0,632.0,0.1758241758241757,15739.0,,,0.0041092348931190716,0.0,0.00631352645830215,0.0
2021-03-07,73493.0,632.0,0.17857142857142844,15555.0,,,0.0,0.0,0.0,0.0
2021-03-08,73493.0,632.0,0.18131868131868117,35912.0,,,0.0,0.0,0.0,0.0
2021-03-09,74940.0,632.0,0.1840659340659339,31727.0,,,0.012716840138777687,0.0015822784810126582,0.012530024019215371,0.0015822784810126582
2021-03-10,75768.0,632.0,0.18681318681318665,31595.0,,,0.0004355400696864112,0.0015822784810126582,0.0035899060289304187,0.0
2021-03-11,76484.0,638.0,0.1895604395604394,30604.0,,,0.005726687934731447,0.001567398119122257,0.004733016055645625,0.001567398119122257
2021-03-12,77168.0,639.0,0.19230769230769212,29811.0,,,0.004924320962056811,-0.001564945226917058,0.003887621812150114,-0.001564945226917058
2021-03-13,78040.0,639.0,0.19505494505494486,17138.0,,,0.0020758585340850846,0.0,-0.0004997437211686315,0.0
2021-03-14,78040.0,639.0,0.1978021978021976,16593.0,,,0.0,0.0,0.0,0.0
2021-03-15,78040.0,639.0,0.20054945054945034,35363.0,,,0.0,0.0,0.0,0.0
2021-03-16,80440.0,640.0,0.20329670329670307,30925.0,,,-0.000174042764793635,0.0,-0.002349577324714073,0.0046875
2021-03-17,81301.0,641.0,0.2060439560439558,32779.0,,,0.002939693238705551,-0.0015600624024961,0.0016235962657285884,0.0
2021-03-18,82455.0,648.0,0.20879120879120855,31752.0,,,-0.0009217148747801832,0.0,-0.0010187374931780973,0.007716049382716048
2021-03-19,83519.0,648.0,0.2115384615384613,30056.0,,,-0.0009578658748308767,0.0,-0.002310851423029491,0.0
2021-03-20,84553.0,648.0,0.21428571428571402,17232.0,,,-0.002377207195486855,0.0,-0.0040566272042387615,0.0
2021-03-21,84553.0,648.0,0.21703296703296676,15596.0,,,0.0,0.0,0.0,0.0
2021-03-22,84553.0,648.0,0.2197802197802195,36949.0,,,0.0,0.0,0.0,0.0
2021-03-23,86939.0,649.0,0.22252747252747224,32927.0,,,-0.0020129056004784965,0.004622496147919877,-0.005544117139603629,0.003081664098613252
2021-03-24,88039.0,649.0,0.22527472527472497,34761.0,,,-0.0012153704608185009,0.0015408320493066256,-0.005963266279716943,0.0015408320493066256
2021-03-25,89117.0,656.0,0.2280219780219777,33382.0,,,-8.976962869037332e-05,0.007621951219512195,-0.0020198166455334,-0.001524390243902439
2021-03-26,90101.0,656.0,0.23076923076923045,33012.0,,,-0.0012541481226623454,0.0,-0.000554932797638206,0.001524390243902439
2021-03-27,90934.0,656.0,0.2335164835164832,17800.0,,,-0.001561572129236589,0.0,0.0004948644071524404,0.0
2021-03-28,90934.0,656.0,0.23626373626373592,14116.0,,,0.0,0.0,0.0,0.0
2021-03-29,90934.0,656.0,0.23901098901098866,30283.0,,,0.0,0.0,0.0,0.0
2021-03-30,93145.0,660.0,0.2417582417582414,21823.0,,,-0.0032959364431799877,-0.0015151515151515152,-0.005904772129475549,-0.0015151515151515152
2021-03-31,94138.0,661.0,0.24450549450549414,18404.0,,,-0.004440289787333489,0.0,,
2021-04-01,95208.0,673.0,0.24725274725274687,10532.0,,,-0.0018065708763969413,-0.008915304606240713,,
2021-04-02,96079.0,673.0,0.2499999999999996,11311.0,,,0.0006557104049792357,0.0014858841010401188,,
2021-04-03,96770.0,673.0,0.25274725274725235,10869.0,,,0.0019324170714064273,0.0,,
2021-04-04,96770.0,673.0,0.2554945054945051,11351.0,,,0.0,0.0,,
2021-04-05,96770.0,673.0,0.2582417582417578,16710.0,,,0.0,0.0,,
2021-04-06,98674.0,676.0,0.26098901098901056,31325.0,,,-0.0024626548026835844,0.0,,
2021-04-07,99249.0,677.0,0.2637362637362633,26151.0,,,,,,
2021-04-08,100147.0,683.0,0.26648351648351604,23067.0,,,,,,
2021-04-09,101081.0,684.0,0.2692307692307688,24056.0,,,,,,
2021-04-10,101959.0,684.0,0.2719780219780215,13097.0,,,,,,
2021-04-11,101959.0,684.0,0.27472527472527425,11117.0,,,,,,
2021-04-12,101959.0,684.0,0.277472527472527,27599.0,,,,,,
2021-04-13,103620.0,687.0,0.2802197802197797,20850.0,,,,,,
2021-04-14,,,0.28296703296703246,,,,,,,
2021-04-15,,,0.2857142857142852,,,,,,,
