date,cases,deaths,w1_change_cases,w1_change_deaths,w2_change_cases,w2_change_deaths
2020-01-01,,,,,,
2020-01-02,,,,,,
2020-01-03,0.0,0.0,0,0,0,0
2020-01-04,0.0,0.0,0,0,0,0
2020-01-05,0.0,0.0,0,0,0,0
2020-01-06,0.0,0.0,0,0,0,0
2020-01-07,0.0,0.0,0,0,0,0
2020-01-08,0.0,0.0,0,0,0,0
2020-01-09,0.0,0.0,0,0,0,0
2020-01-10,0.0,0.0,0,0,0,0
2020-01-11,0.0,0.0,0,0,0,0
2020-01-12,0.0,0.0,0,0,0,0
2020-01-13,0.0,0.0,0,0,0,0
2020-01-14,0.0,0.0,0,0,0,0
2020-01-15,0.0,0.0,0,0,0,0
2020-01-16,0.0,0.0,0,0,0,0
2020-01-17,0.0,0.0,0,0,0,0
2020-01-18,0.0,0.0,0,0,0,0
2020-01-19,0.0,0.0,0,0,0,0
2020-01-20,0.0,0.0,0,0,0,0
2020-01-21,0.0,0.0,0,0,0,0
2020-01-22,0.0,0.0,0,0,0,0
2020-01-23,0.0,0.0,0,0,0,0
2020-01-24,0.0,0.0,0,0,0,0
2020-01-25,0.0,0.0,0,0,0,0
2020-01-26,0.0,0.0,0,0,0,0
2020-01-27,0.0,0.0,0,0,0,0
2020-01-28,0.0,0.0,0,0,0,0
2020-01-29,0.0,0.0,0,0,0,0
2020-01-30,0.0,0.0,0,0,0,0
2020-01-31,0.0,0.0,0,0,0,0
2020-02-01,0.0,0.0,0,0,0,0
2020-02-02,0.0,0.0,0,0,0,0
2020-02-03,0.0,0.0,0,0,0,0
2020-02-04,0.0,0.0,0,0,0,0
2020-02-05,0.0,0.0,0,0,0,0
2020-02-06,0.0,0.0,0,0,0,0
2020-02-07,0.0,0.0,0,0,0,0
2020-02-08,0.0,0.0,0,0,0,0
2020-02-09,0.0,0.0,0,0,0,0
2020-02-10,0.0,0.0,0,0,0,0
2020-02-11,0.0,0.0,0,0,0,0
2020-02-12,0.0,0.0,0,0,0,0
2020-02-13,0.0,0.0,0,0,0,0
2020-02-14,0.0,0.0,0,0,0,0
2020-02-15,0.0,0.0,0,0,0,0
2020-02-16,0.0,0.0,0,0,0,0
2020-02-17,0.0,0.0,0,0,0,0
2020-02-18,0.0,0.0,0,0,0,0
2020-02-19,0.0,0.0,0,0,0,0
2020-02-20,0.0,0.0,0,0,0,0
2020-02-21,0.0,0.0,0,0,0,0
2020-02-22,0.0,0.0,0,0,0,0
2020-02-23,0.0,0.0,0,0,0,0
2020-02-24,0.0,0.0,0,0,0,0
2020-02-25,0.0,0.0,0,0,0,0
2020-02-26,0.0,0.0,0,0,0,0
2020-02-27,0.0,0.0,0,0,0,0
2020-02-28,0.0,0.0,0,0,0,0
2020-02-29,0.0,0.0,0,0,1,0
2020-03-01,0.0,0.0,0,0,0,0
2020-03-02,0.0,0.0,0,0,0,0
2020-03-03,0.0,0.0,0,0,0,0
2020-03-04,0.0,0.0,0,0,0,0
2020-03-05,0.0,0.0,0,0,1,0
2020-03-06,0.0,0.0,0,0,0,0
2020-03-07,0.0,0.0,1,0,0,0
2020-03-08,0.0,0.0,0,0,0,0
2020-03-09,0.0,0.0,0,0,0,0
2020-03-10,0.0,0.0,0,0,0,0
2020-03-11,0.0,0.0,0,0,-1,0
2020-03-12,0.0,0.0,1,0,1,0
2020-03-13,0.0,0.0,0,0,1,0
2020-03-14,6.0,0.0,-1.0,0,-1.0,0
2020-03-15,6.0,0.0,0,0,0.5,0
2020-03-16,6.0,0.0,0,0,0,0
2020-03-17,6.0,0.0,0,0,0,0
2020-03-18,6.0,0.0,-0.5,0,0,0
2020-03-19,7.0,0.0,0.0,0,0.14285714285714285,0
2020-03-20,7.0,0.0,0.42857142857142855,0,0,0
2020-03-21,7.0,0.0,0,0,0,0
2020-03-22,7.0,0.0,0.42857142857142855,0,0.14285714285714285,0
2020-03-23,7.0,0.0,0,0,0.2857142857142857,0
2020-03-24,7.0,0.0,0,0,0,0
2020-03-25,4.0,0.0,0.75,0,0.75,0
2020-03-26,5.0,0.0,0.2,0,-0.2,0
2020-03-27,8.0,0.0,-0.375,0,-0.375,0
2020-03-28,8.0,0.0,0,0,0,0
2020-03-29,11.0,0.0,-0.18181818181818182,0,-0.2727272727272727,0
2020-03-30,11.0,0.0,0.18181818181818182,0,0,0
2020-03-31,11.0,0.0,0,0,0,0
2020-04-01,11.0,0.0,0,0,0,0
2020-04-02,13.0,0.0,-0.15384615384615385,0,-0.15384615384615385,0
2020-04-03,13.0,0.0,0,0,0,0
2020-04-04,13.0,0.0,0,0,0,0
2020-04-05,14.0,0.0,-0.07142857142857142,0,-0.07142857142857142,0
2020-04-06,16.0,0.0,-0.125,0,-0.125,0
2020-04-07,16.0,0.0,0,0,0,0
2020-04-08,16.0,0.0,0,0,0,0
2020-04-09,16.0,0.0,0,0,0,0
2020-04-10,16.0,0.0,0,0,0,0
2020-04-11,16.0,0.0,0,0,0,0
2020-04-12,16.0,0.0,0,0,0,0
2020-04-13,16.0,0.0,0,0,0,0
2020-04-14,16.0,0.0,0,0,0,0
2020-04-15,16.0,0.0,0,0,0,0
2020-04-16,16.0,0.0,0,0,0,0
2020-04-17,16.0,0.0,0,0,0,0
2020-04-18,16.0,0.0,0,0,0,0
2020-04-19,16.0,0.0,0,0,0,0
2020-04-20,16.0,0.0,0,0,0,0
2020-04-21,16.0,0.0,0,0,0,0
2020-04-22,16.0,0.0,0,0,0,0
2020-04-23,16.0,0.0,0,0,0,0
2020-04-24,16.0,0.0,0,0,0,0
2020-04-25,16.0,0.0,0,0,0,0
2020-04-26,16.0,0.0,0,0,0,0
2020-04-27,16.0,0.0,0,0,0,0
2020-04-28,16.0,0.0,0,0,0,0
2020-04-29,16.0,0.0,0,0,0,0
2020-04-30,16.0,0.0,0,0,0,0
2020-05-01,16.0,0.0,0,0,0,0
2020-05-02,16.0,0.0,0,0,0,0
2020-05-03,16.0,0.0,0,0,0,0
2020-05-04,16.0,0.0,0,0,0,0
2020-05-05,16.0,0.0,0,0,0,0
2020-05-06,16.0,0.0,0,0,0,0
2020-05-07,16.0,0.0,0,0,0,0
2020-05-08,16.0,0.0,0,0,0.125,0
2020-05-09,16.0,0.0,0,0,0.0625,0
2020-05-10,16.0,0.0,0,0,0.0625,0
2020-05-11,16.0,0.0,0,0,0.0625,0
2020-05-12,16.0,0.0,0,0,0,0
2020-05-13,16.0,0.0,0,0,0,0
2020-05-14,16.0,0.0,0,0,0.0625,0
2020-05-15,16.0,0.0,0.125,0,0,0
2020-05-16,16.0,0.0,0.0625,0,0.0625,0
2020-05-17,16.0,0.0,0.0625,0,0,0
2020-05-18,16.0,0.0,0.0625,0,0.0625,0
2020-05-19,16.0,0.0,0,0,0.0625,0
2020-05-20,16.0,0.0,0,0,0,0
2020-05-21,16.0,0.0,0.0625,0,0,0
2020-05-22,18.0,0.0,-0.1111111111111111,0,-0.1111111111111111,0
2020-05-23,19.0,0.0,0.0,0,-0.05263157894736842,0
2020-05-24,20.0,0.0,-0.05,0,0.15,0
2020-05-25,21.0,0.0,0.0,0,-0.047619047619047616,0
2020-05-26,21.0,0.0,0.047619047619047616,0,0.09523809523809523,0
2020-05-27,21.0,0.0,0,0,0,0
2020-05-28,22.0,0.0,-0.045454545454545456,0,-0.045454545454545456,0
2020-05-29,22.0,0.0,0,0,0,0
2020-05-30,23.0,0.0,-0.043478260869565216,0,-0.043478260869565216,0
2020-05-31,23.0,0.0,0.17391304347826086,0,0.043478260869565216,0
2020-06-01,24.0,0.0,-0.041666666666666664,0,-0.041666666666666664,0
2020-06-02,25.0,0.0,0.04,0,-0.04,0
2020-06-03,25.0,0.0,0,0,0.08,0
2020-06-04,25.0,0.0,0,0,0,0
2020-06-05,25.0,0.0,0,0,0.2,0
2020-06-06,25.0,0.0,0,0,0.24,0
2020-06-07,29.0,0.0,-0.10344827586206896,0,-0.10344827586206896,0
2020-06-08,29.0,0.0,0,0,0.3103448275862069,0
2020-06-09,31.0,0.0,-0.06451612903225806,0,0.1935483870967742,0
2020-06-10,31.0,0.0,0.06451612903225806,0,0.2903225806451613,0
2020-06-11,31.0,0.0,0,0,0.12903225806451613,0
2020-06-12,31.0,0.0,0.16129032258064516,0,0.8387096774193549,0
2020-06-13,31.0,0.0,0.1935483870967742,0,0,0
2020-06-14,32.0,0.0,0.0,0,1,0
2020-06-15,32.0,0.0,0.28125,0,0.4375,0
2020-06-16,32.0,0.0,0.25,0,1,0
2020-06-17,34.0,0.0,0.20588235294117646,0,0.5294117647058824,0
2020-06-18,34.0,0.0,0.11764705882352941,0,1,0
2020-06-19,39.0,0.0,0.5384615384615384,0,0.07692307692307693,0
2020-06-20,45.0,0.0,-0.13333333333333333,0,1,0
2020-06-21,46.0,0.0,0.717391304347826,0,0.5217391304347826,0
2020-06-22,55.0,0.0,0.09090909090909091,0,0.509090909090909,0
2020-06-23,63.0,0.0,0.3968253968253968,0,1,0
2020-06-24,72.0,0.0,0.1527777777777778,0,0.625,0
2020-06-25,76.0,0.0,1,0,0.6578947368421053,0
2020-06-26,102.0,0.0,-0.17647058823529413,0,-0.0392156862745098,0
2020-06-27,102.0,0.0,0.5588235294117647,0,0.5196078431372549,1
2020-06-28,136.0,0.0,-0.0661764705882353,0,0.08088235294117647,0
2020-06-29,150.0,0.0,0.15333333333333332,0,0.38666666666666666,0
2020-06-30,183.0,0.0,0.2185792349726776,0,0.23497267759562843,0
2020-07-01,203.0,0.0,0.16748768472906403,0,-0.08374384236453201,1
2020-07-02,285.0,0.0,-0.09824561403508772,0,0.04912280701754386,0
2020-07-03,293.0,0.0,0.04778156996587031,0,0.21843003412969283,0
2020-07-04,350.0,0.0,-0.011428571428571429,1,-0.03142857142857143,0
2020-07-05,375.0,0.0,0.05333333333333334,0,0.26666666666666666,0
2020-07-06,412.0,0.0,0.08495145631067962,0,0.01699029126213592,1
2020-07-07,485.0,0.0,0.006185567010309278,0,0.049484536082474224,1
2020-07-08,539.0,0.0,-0.09461966604823747,1,-0.059369202226345084,1
2020-07-09,593.0,0.0,0.07082630691399663,0,-0.03035413153456998,0
2020-07-10,615.0,0.0,0.08130081300813008,0,0.15934959349593497,0
2020-07-11,668.0,1.0,-0.010479041916167664,-1.0,-0.05389221556886228,-1.0
2020-07-12,713.0,1.0,0.11220196353436185,0,0.14446002805049088,0
2020-07-13,785.0,1.0,-0.035668789808917196,1.0,0.01910828025477707,1.0
2020-07-14,861.0,1.0,0.024390243902439025,1.0,-0.009291521486643438,0
2020-07-15,864.0,2.0,0.02199074074074074,1.0,0.08333333333333333,-0.5
2020-07-16,960.0,2.0,-0.0625,0,-0.028125,0.5
2020-07-17,1032.0,2.0,0.046511627906976744,0,-0.005813953488372093,0.5
2020-07-18,1078.0,2.0,-0.026901669758812616,0,0.0287569573283859,0
2020-07-19,1203.0,2.0,0.019118869492934332,0,-0.02493765586034913,0.5
2020-07-20,1247.0,3.0,0.034482758620689655,0.0,0.020850040096230954,-0.3333333333333333
2020-07-21,1344.0,4.0,-0.021577380952380952,-0.25,0.011160714285714286,0.0
2020-07-22,1366.0,7.0,0.038799414348462666,-0.42857142857142855,0.03074670571010249,-0.42857142857142855
2020-07-23,1402.0,7.0,0.023537803138373753,0.14285714285714285,0.024251069900142655,0
2020-07-24,1522.0,7.0,-0.035479632063074903,0.14285714285714285,-0.005256241787122208,0.42857142857142855
2020-07-25,1539.0,7.0,0.03898635477582846,0,0.08641975308641975,0.14285714285714285
2020-07-26,1687.0,7.0,-0.03141671606401897,0.14285714285714285,-0.058091286307053944,0
2020-07-27,1774.0,8.0,-0.009582863585118376,-0.125,0.005636978579481398,0.25
2020-07-28,1842.0,8.0,0.023887079261672096,0.125,0.04560260586319218,0
2020-07-29,1917.0,8.0,-0.005738132498695879,0,0.02764736567553469,0
2020-07-30,1986.0,9.0,0.0005035246727089627,-0.1111111111111111,0.054380664652567974,0.2222222222222222
2020-07-31,2052.0,10.0,0.022417153996101363,0.2,0.03508771929824561,0.4
2020-08-01,2129.0,10.0,0.03428839830906529,0.1,0.04931892907468295,0.4
2020-08-02,2224.0,11.0,-0.020233812949640287,-0.09090909090909091,0.03866906474820144,0.2727272727272727
2020-08-03,2294.0,11.0,0.011769834350479512,0.2727272727272727,0.07715780296425458,0
2020-08-04,2406.0,12.0,0.01662510390689942,-0.08333333333333333,0.032418952618453865,0.0
2020-08-05,2470.0,12.0,0.025910931174089068,0,0.022672064777327937,0.08333333333333333
2020-08-06,2540.0,12.0,0.04212598425196851,0.25,0.0515748031496063,0.16666666666666666
2020-08-07,2652.0,15.0,0.00980392156862745,0.13333333333333333,0.05090497737556561,0.0
2020-08-08,2802.0,16.0,0.011420413990007138,0.1875,0.058886509635974305,0.0
2020-08-09,2852.0,16.0,0.04593267882187938,0.25,0.09151472650771389,0.1875
2020-08-10,2949.0,19.0,0.0508646998982706,-0.15789473684210525,0.07426246185147507,0.15789473684210525
2020-08-11,3101.0,19.0,0.012254111576910674,0.05263157894736842,0.007739438890680426,0.21052631578947367
2020-08-12,3229.0,19.0,-0.0024775472282440383,0.05263157894736842,0.0006193868070610096,0.05263157894736842
2020-08-13,3406.0,22.0,0.007046388725778039,-0.045454545454545456,0.02759835584263065,-0.045454545454545456
2020-08-14,3544.0,27.0,0.030756207674943567,-0.07407407407407407,0.04034988713318285,-0.14814814814814814
2020-08-15,3726.0,31.0,0.03569511540526033,-0.0967741935483871,0.00322061191626409,0.03225806451612903
2020-08-16,3907.0,35.0,0.033273611466598414,-0.02857142857142857,0.0074225748656258,0.0
2020-08-17,4154.0,35.0,0.01661049590755898,0.17142857142857143,0.00048146364949446316,0.08571428571428572
2020-08-18,4344.0,36.0,-0.0032228360957642726,0.08333333333333333,-0.0011510128913443832,0.05555555555555555
2020-08-19,4464.0,37.0,0.002240143369175627,0.0,0.00492831541218638,0.13513513513513514
2020-08-20,4665.0,39.0,0.015005359056806002,0.0,-0.010503751339764202,-0.02564102564102564
2020-08-21,4912.0,42.0,0.006921824104234527,-0.047619047619047616,-0.0018322475570032573,0.023809523809523808
2020-08-22,5227.0,43.0,-0.023149033862636312,0.09302325581395349,-0.014157260378802373,0.0
2020-08-23,5538.0,46.0,-0.018237630913687252,0.021739130434782608,-0.021668472372697724,-0.06521739130434782
2020-08-24,5854.0,52.0,-0.011445165698667577,-0.057692307692307696,-0.02476938845234028,-0.07692307692307693
2020-08-25,6030.0,56.0,0.0014925373134328358,-0.017857142857142856,-0.00845771144278607,-0.03571428571428571
2020-08-26,6160.0,57.0,0.001948051948051948,0.08771929824561403,-0.001948051948051948,-0.05263157894736842
2020-08-27,6431.0,59.0,-0.018504120665526355,-0.01694915254237288,-0.014150209920696625,0.03389830508474576
2020-08-28,6712.0,60.0,-0.006406436233611442,0.05,-0.019815256257449343,0.03333333333333333
2020-08-29,6906.0,65.0,0.006805676223573704,-0.06153846153846154,-0.001882421083116131,-0.046153846153846156
2020-08-30,7116.0,69.0,-0.0026700393479482856,-0.057971014492753624,-0.006042720629567172,-0.057971014492753624
2020-08-31,7365.0,72.0,-0.010590631364562118,-0.013888888888888888,-0.018194161575016972,0.0
2020-09-01,7550.0,75.0,-0.007947019867549669,-0.013333333333333334,-0.011390728476821193,-0.013333333333333334
2020-09-02,7692.0,81.0,-0.0031201248049922,-0.09876543209876543,-0.007670306812272491,-0.037037037037037035
2020-09-03,7844.0,82.0,0.0035696073431922487,0.036585365853658534,-0.011346251912289648,0.012195121951219513
2020-09-04,8082.0,86.0,-0.011135857461024499,-0.011627906976744186,-0.015342736946300421,-0.046511627906976744
2020-09-05,8323.0,87.0,-0.0072089390844647366,0.011494252873563218,-0.01345668629100084,-0.011494252873563218
2020-09-06,8514.0,87.0,-0.0028188865398167725,0,-0.012450082217524078,0.034482758620689655
2020-09-07,8685.0,89.0,-0.0064478986758779505,0.011235955056179775,-0.009902130109383995,-0.011235955056179775
2020-09-08,8810.0,91.0,-0.0029511918274687855,0.0,0.002724177071509648,-0.01098901098901099
2020-09-09,8928.0,89.0,-0.003920250896057347,0.056179775280898875,-0.0041442652329749105,0.056179775280898875
2020-09-10,9108.0,93.0,-0.012845849802371542,-0.021505376344086023,-0.013614404918752744,-0.03225806451612903
2020-09-11,9256.0,96.0,-0.003673292999135696,-0.03125,-0.0076707000864304235,-0.010416666666666666
2020-09-12,9437.0,98.0,-0.005510225707322242,-0.02040816326530612,-0.009113065592879093,-0.02040816326530612
2020-09-13,9604.0,98.0,-0.0085381091211995,0.030612244897959183,-0.008746355685131196,0.01020408163265306
2020-09-14,9719.0,101.0,-0.0030867373186541825,-0.019801980198019802,0.0,-0.0297029702970297
2020-09-15,9818.0,103.0,0.005092686901609289,-0.009708737864077669,-0.0011203911183540437,-0.009708737864077669
2020-09-16,9901.0,106.0,-0.000201999798000202,0.0,-0.006463993536006464,-0.02830188679245283
2020-09-17,9964.0,108.0,-0.0007025291047771979,-0.009259259259259259,0.006222400642312324,-0.018518518518518517
2020-09-18,10078.0,108.0,-0.003671363365747172,0.018518518518518517,0.0,0.018518518518518517
2020-09-19,10207.0,108.0,-0.0033310473204663468,0,-0.00274321544038405,0
2020-09-20,10292.0,111.0,-0.000194325689856199,-0.018018018018018018,0.0006801399144966964,-0.02702702702702703
2020-09-21,10377.0,112.0,0.0028910089621277824,-0.008928571428571428,-0.002987375927532042,-0.008928571428571428
2020-09-22,10526.0,113.0,-0.005795173855215657,0.0,-0.01149534486034581,0.008849557522123894
2020-09-23,10607.0,116.0,-0.00584519656830395,-0.02586206896551724,-0.00584519656830395,-0.02586206896551724
2020-09-24,10663.0,117.0,0.006470974397449123,-0.008547008547008548,-0.0014067335646628528,0.0
2020-09-25,10740.0,119.0,0.003445065176908752,0.0,-0.000931098696461825,-0.008403361344537815
2020-09-26,10835.0,119.0,0.0005537609598523304,0,-0.0043377941855099215,0
2020-09-27,10918.0,120.0,0.0008243267997801795,-0.008333333333333333,-0.0019234291994870856,0.0
2020-09-28,11033.0,120.0,-0.005528867941629657,0,-0.006344602555968458,0
2020-09-29,11121.0,121.0,-0.005395198273536552,0.008264462809917356,-0.0031471989928963224,0.0
2020-09-30,11140.0,121.0,0.0,0,-0.000718132854578097,0
2020-10-01,11265.0,121.0,-0.0074567243675099865,0.008264462809917356,-0.004971149578339991,0.008264462809917356
2020-10-02,11379.0,123.0,-0.004130415678003339,-0.008130081300813009,-0.007030494771069514,-0.016260162601626018
2020-10-03,11480.0,123.0,-0.004616724738675958,0,0.0009581881533101045,0.008130081300813009
2020-10-04,11572.0,123.0,-0.0025924645696508816,0.008130081300813009,-0.0038022813688212928,0
2020-10-05,11626.0,123.0,-0.0007741269568209186,0,-0.00206433855152245,0
2020-10-06,11654.0,125.0,0.0021451862021623475,-0.008,0.0004290372404324695,-0.016
2020-10-07,11673.0,125.0,-0.0006853422427824896,0,0.0018846911676518462,0.008
2020-10-08,11714.0,126.0,0.002390302202492744,0.0,-0.00017073587160662456,0.0
2020-10-09,11781.0,127.0,-0.0028011204481792717,-0.007874015748031496,-0.001103471691706986,-0.007874015748031496
2020-10-10,11829.0,127.0,0.0054104319891791364,0.007874015748031496,-0.000591765998816468,0
2020-10-11,11891.0,128.0,-0.0011773610293499286,-0.0078125,0.0013455554621142041,-0.0078125
2020-10-12,11936.0,128.0,-0.0012567024128686327,0,0.0030160857908847183,0
2020-10-13,11989.0,129.0,-0.001668195846192343,-0.007751937984496124,-0.003169572107765452,-0.007751937984496124
2020-10-14,12000.0,129.0,0.0025,0.007751937984496124,0.0035833333333333333,0
2020-10-15,12069.0,130.0,-0.002485707183693761,0.0,0.0006628552489850029,-0.007692307692307693
2020-10-16,12103.0,130.0,0.0016524828554903743,0,0.0014872345699413368,0
2020-10-17,12215.0,131.0,-0.005812525583299222,-0.007633587786259542,-0.005157593123209169,-0.007633587786259542
2020-10-18,12263.0,131.0,0.0024463834298295685,0,-0.0016309222865530458,0
2020-10-19,12293.0,131.0,0.004148702513625641,0,0.0018709834865370536,0
2020-10-20,12326.0,131.0,-0.0014603277624533507,0,-0.0007301638812266753,0
2020-10-21,12367.0,132.0,0.0010511846041885663,-0.007575757575757576,-0.001859788145872079,-0.007575757575757576
2020-10-22,12406.0,133.0,0.003063034015798807,-0.007518796992481203,-0.0018539416411413833,-0.007518796992481203
2020-10-23,12460.0,133.0,-0.00016051364365971107,0,-0.0007223113964686999,0
2020-10-24,12501.0,133.0,0.0006399488040956723,0,0.0008799296056315495,0
2020-10-25,12579.0,133.0,-0.003974878766197631,0,-0.004054376341521584,0.007518796992481203
2020-10-26,12660.0,133.0,-0.0022116903633491313,0,-0.00315955766192733,0
2020-10-27,12675.0,133.0,0.0007100591715976331,0,0.0011045364891518737,0
2020-10-28,12729.0,133.0,-0.0028281876031110063,0,-0.003220991436876424,0
2020-10-29,12806.0,133.0,-0.004763392159925035,0,-0.002967359050445104,0
2020-10-30,12858.0,133.0,-0.0005444081505677399,0,7.777259293824856e-05,0.007518796992481203
2020-10-31,12907.0,133.0,0.00023243201363601146,0,-0.0017045014333307508,0.022556390977443608
2020-11-01,12935.0,133.0,-7.730962504831851e-05,0.007518796992481203,0.0037881716273676074,0
2020-11-02,12988.0,133.0,-0.0009239297813366184,0,0.0004619648906683092,0
2020-11-03,13012.0,133.0,0.000384260682446972,0,0.0017675991392560714,0
2020-11-04,13030.0,133.0,-0.0003837298541826554,0,-0.0005372217958557175,0.015037593984962405
2020-11-05,13046.0,133.0,0.0017629924881189638,0,0.0021462517246665647,0
2020-11-06,13091.0,133.0,0.0006111068673134214,0.007518796992481203,0.0005347185088992437,0.007518796992481203
2020-11-07,13143.0,133.0,-0.0019021532374648101,0.022556390977443608,-0.00015217225899718482,0.015037593984962405
2020-11-08,13170.0,134.0,0.0037965072133637054,-0.007462686567164179,0.005466970387243736,-0.007462686567164179
2020-11-09,13211.0,134.0,0.0013625009461812126,0,0.0009840284611308757,0.007462686567164179
2020-11-10,13240.0,134.0,0.0013595166163141994,0,0.00022658610271903323,0.007462686567164179
2020-11-11,13253.0,134.0,-0.00015090922809929828,0.014925373134328358,0.0021127291933901757,0
2020-11-12,13292.0,134.0,0.00037616611495636473,0,0.0021817634667469156,0
2020-11-13,13345.0,135.0,-7.493443237167478e-05,0.0,0.007193705507680779,0.007407407407407408
2020-11-14,13372.0,138.0,0.001720011965300628,-0.007246376811594203,0.0018695782231528566,-0.007246376811594203
2020-11-15,13449.0,138.0,0.0016358093538553053,0,7.43549706297866e-05,0.007246376811594203
2020-11-16,13508.0,138.0,-0.00037015102161681965,0.007246376811594203,7.403020432336393e-05,0.007246376811594203
2020-11-17,13555.0,138.0,-0.0011066027296200663,0.007246376811594203,-0.0008852821836960531,0.007246376811594203
2020-11-18,13566.0,140.0,0.0022114108801415304,-0.014285714285714285,0.001842842400117942,-0.014285714285714285
2020-11-19,13610.0,140.0,0.001763409257898604,0,0.001249081557678178,0
2020-11-20,13662.0,141.0,0.007099985360854926,0.0070921985815602835,0.005123700775874689,-0.0070921985815602835
2020-11-21,13712.0,143.0,0.00014585764294049007,0.0,0.0095536756126021,-0.006993006993006993
2020-11-22,13811.0,143.0,-0.0015205271160669033,0.006993006993006993,0.005140829773369053,0
2020-11-23,13865.0,144.0,0.00043274432023079695,0.0,0.005337179949513163,-0.006944444444444444
2020-11-24,13897.0,145.0,0.00021587392962509893,0.0,0.007843419443045261,-0.006896551724137931
2020-11-25,13938.0,145.0,-0.0003587315253264457,0,0.0027263595924809873,0.006896551724137931
2020-11-26,14006.0,145.0,-0.0004997858060831073,0,0.007568185063544195,0.006896551724137931
2020-11-27,14155.0,147.0,-0.0019074531967502649,-0.013605442176870748,0.010738255033557046,0.006802721088435374
2020-11-28,14207.0,149.0,0.009080030970648271,-0.006711409395973154,0.01914549165904132,0.0
2020-11-29,14285.0,150.0,0.006440322016100805,-0.006666666666666667,-0.005460273013650683,-0.006666666666666667
2020-11-30,14345.0,151.0,0.004740327640292785,-0.006622516556291391,0.026420355524573023,-0.006622516556291391
2020-12-01,14380.0,152.0,0.00737134909596662,-0.006578947368421052,0.010778859527121001,0.013157894736842105
2020-12-02,14416.0,152.0,0.0029827968923418426,0.006578947368421052,0.01047447280799112,0.006578947368421052
2020-12-03,14477.0,152.0,0.007805484561718588,0.006578947368421052,0.020860675554327555,0
2020-12-04,14599.0,152.0,0.01226111377491609,0.019736842105263157,0.0143160490444551,0
2020-12-05,14780.0,153.0,0.009675236806495263,0.006535947712418301,0.017117726657645466,0.026143790849673203
2020-12-06,14950.0,153.0,-0.01137123745819398,0,0.015117056856187291,0.013071895424836602
2020-12-07,15078.0,153.0,0.020626077729141795,0,0.009881947207852501,0.0392156862745098
2020-12-08,15219.0,153.0,0.003219659635981339,0.0196078431372549,0.029174058742361522,0.0196078431372549
2020-12-09,15298.0,154.0,0.007059746372074781,0.0,0.0164073735128775,0.0
2020-12-10,15472.0,155.0,0.012215615305067219,-0.0064516129032258064,0.011698552223371251,0.0064516129032258064
2020-12-11,15773.0,158.0,0.0019019844037278895,-0.0189873417721519,0.018639447156533318,0.006329113924050633
2020-12-12,16097.0,160.0,0.006833571472945269,0.01875,0.022302292352612288,-0.0125
2020-12-13,16097.0,160.0,0.02460085730260297,0.0125,0.008448779275641425,0
2020-12-14,16536.0,160.0,-0.009796806966618287,0.0375,0.005200774068698597,0.025
2020-12-15,16726.0,163.0,0.023615927298816213,0.0,-0.011359559966519191,-0.018404907975460124
2020-12-16,16913.0,164.0,0.008455034588777863,0.0,0.043812451960030745,0.018292682926829267
2020-12-17,17276.0,164.0,-0.00046307015512850195,0.012195121951219513,0.006888168557536467,0.006097560975609756
2020-12-18,17607.0,164.0,0.014994036462770489,0.024390243902439025,0.01573237916737661,0.054878048780487805
2020-12-19,18041.0,169.0,0.013801895682057535,-0.029585798816568046,-0.02405631616872679,-0.029585798816568046
2020-12-20,18437.0,171.0,-0.014102077344470358,-0.011695906432748537,0.017193686608450397,0.03508771929824561
2020-12-21,18714.0,177.0,0.013252110719247623,-0.011299435028248588,0.00988564710911617,-0.022598870056497175
2020-12-22,19299.0,180.0,-0.03031245142235349,-0.016666666666666666,-0.01632208922742111,0.0
2020-12-23,19629.0,181.0,0.030465128126751236,0.016574585635359115,0.00871160018340211,0.016574585635359115
2020-12-24,19984.0,183.0,0.006355084067253803,-0.00546448087431694,0.0034027221777421937,0.060109289617486336
2020-12-25,20579.0,187.0,0.0006317119393556538,0.026737967914438502,-0.010836289421254678,0.0053475935828877
2020-12-26,21262.0,187.0,-0.03212303640297244,0,-0.005173549054651491,0
2020-12-27,21398.0,187.0,0.026965136928684925,0.0427807486631016,0.015515468735395832,0.058823529411764705
2020-12-28,21923.0,191.0,-0.0028736942936641884,-0.010471204188481676,0.0005017561465127947,-0.005235602094240838
2020-12-29,21923.0,191.0,0.012315832687132235,0.015706806282722512,0.015645668932171692,0.03664921465968586
2020-12-30,22851.0,195.0,-0.01868627193558269,0.0,-0.02883900048137937,-0.005128205128205128
2020-12-31,23333.0,196.0,-0.0025286075515364506,0.061224489795918366,-0.0072858183688338405,0.030612244897959183
2021-01-01,23941.0,205.0,-0.00985756651768932,-0.01951219512195122,-0.00923102627292093,-0.024390243902439025
2021-01-02,23941.0,205.0,0.02393383735015246,0,0,0
2021-01-03,24654.0,213.0,-0.009937535491198184,0.014084507042253521,-0.003447716394905492,-0.014084507042253521
2021-01-04,25116.0,215.0,0.002946329033285555,0.004651162790697674,-0.011825131390348782,0.013953488372093023
2021-01-05,25386.0,218.0,0.0028756007248089497,0.01834862385321101,0.004727014890096904,0.022935779816513763
2021-01-06,25887.0,222.0,-0.008962027272376097,-0.0045045045045045045,-0.010005021825626762,-0.0045045045045045045
2021-01-07,26310.0,235.0,-0.004218928164196123,-0.02553191489361702,-0.006271379703534778,-0.03404255319148936
2021-01-08,26682.0,240.0,0.0005621767483696875,-0.004166666666666667,-0.004122629488044374,0.016666666666666666
2021-01-09,27255.0,240.0,-0.021023665382498623,0,-0.008805723720418272,0.004166666666666667
2021-01-10,27723.0,251.0,0.005771381163654727,-0.02390438247011952,-0.0037153266241027306,-0.0199203187250996
2021-01-11,28259.0,254.0,-0.013128560812484518,0.007874015748031496,-0.011465373863194026,-0.003937007874015748
2021-01-12,28602.0,261.0,0.0016432417313474582,0.0038314176245210726,-0.00412558562338298,-0.02681992337164751
2021-01-13,28871.0,264.0,-0.000935194485816217,0.0,0.0013161996467043054,0.022727272727272728
2021-01-14,29183.0,271.0,-0.001850392351711613,-0.007380073800738007,-0.0004797313504437515,-0.01107011070110701
2021-01-15,29570.0,275.0,-0.004227257355427798,0.01818181818181818,-0.0065268853567805206,-0.014545454545454545
2021-01-16,29570.0,275.0,0.011261413594859654,0.0036363636363636364,0.00821778829895164,0.03636363636363636
2021-01-17,30198.0,280.0,-0.008709186038810518,0.0035714285714285713,-0.01629246969998013,0.010714285714285714
2021-01-18,30363.0,285.0,0.0015479366334024964,-0.010526315789473684,-0.0017455455653262195,-0.010526315789473684
2021-01-19,30753.0,293.0,-0.0053653302116866645,-0.027303754266211604,-0.0052677787532923615,-0.023890784982935155
2021-01-20,30995.0,296.0,0.002097112437489918,0.02027027027027027,-0.004516857557670592,-0.0033783783783783786
2021-01-21,31253.0,301.0,0.0012798771317953477,-0.0033222591362126247,-0.004991520814001856,-0.0033222591362126247
2021-01-22,31515.0,310.0,-0.0021577026812628908,-0.02903225806451613,-0.0036490560050769475,-0.012903225806451613
2021-01-23,31848.0,311.0,-0.002825923134890731,0.028938906752411574,-0.007441597588545592,0.01607717041800643
2021-01-24,32213.0,317.0,-0.007108931176854065,0.006309148264984227,-0.004190854623909602,-0.015772870662460567
2021-01-25,32425.0,319.0,-0.0030840400925212026,0.0,-0.0025597532767925985,0.006269592476489028
2021-01-26,32650.0,319.0,9.188361408882082e-05,0.003134796238244514,-0.003950995405819295,0
2021-01-27,32957.0,328.0,-0.006220226355554207,-0.021341463414634148,-0.005340291895500197,-0.021341463414634148
2021-01-28,33255.0,332.0,-0.005893850548789656,0.0,-0.00772816117877011,-0.009036144578313253
2021-01-29,33449.0,332.0,-0.001405124218960208,0.015060240963855422,-0.0024813895781637717,0.012048192771084338
2021-01-30,33692.0,342.0,-0.004363053543867981,-0.011695906432748537,-0.001246586726819423,-0.023391812865497075
2021-01-31,33828.0,350.0,0.00277876315478302,-0.02,0.0031630601868274802,-0.017142857142857144
2021-02-01,33940.0,352.0,0.0005008839127872717,0.005681818181818182,0.0017972893341190335,0.0
2021-02-02,34168.0,353.0,-0.0038632638726293607,-0.0028328611898017,0.0012877546242097868,0.0
2021-02-03,34270.0,355.0,0.0008462211847096586,0.0,0.0006419608987452582,0.0028169014084507044
2021-02-04,34372.0,359.0,-0.0017747003374839986,-0.008356545961002786,0.0009600837891306878,-0.005571030640668524
2021-02-05,34519.0,364.0,-0.0010429039079926997,-0.0027472527472527475,0.0009270256959935108,-0.013736263736263736
2021-02-06,34615.0,370.0,0.003033367037411527,-0.010810810810810811,0.006268958543983822,-0.016216216216216217
2021-02-07,34845.0,371.0,0.0003730807863395035,0.0026954177897574125,0.002066293585880327,0.018867924528301886
2021-02-08,34974.0,375.0,0.0012580774289472178,-0.005333333333333333,0.0016869674615428605,-0.010666666666666666
2021-02-09,35070.0,375.0,0.0050185343598517255,0.0026666666666666666,0.0046478471628172225,0.010666666666666666
2021-02-10,35201.0,377.0,-0.000198857986989006,0.002652519893899204,0.0006533905286781626,0.007957559681697613
2021-02-11,35242.0,378.0,0.0026672720049940413,0.0026455026455026454,0.0011066341297315703,0.0026455026455026454
2021-02-12,35353.0,382.0,0.0019234576980737138,-0.010471204188481676,0.003366050971628999,-0.002617801047120419
2021-02-13,35554.0,384.0,0.003150137818529561,-0.005208333333333333,0.00047814591888395116,0.0
2021-02-14,35797.0,386.0,0.001648182808615247,0.015544041450777202,-0.000642511942341537,-0.0051813471502590676
2021-02-15,35970.0,388.0,0.0004170141784820684,-0.005154639175257732,0.0008340283569641367,0.010309278350515464
2021-02-16,36242.0,389.0,-0.0003586998510016003,0.007712082262210797,-0.0023729374758567406,0.007712082262210797
2021-02-17,36366.0,392.0,0.0008249463784853984,0.00510204081632653,0.0006874553154044988,-0.002551020408163265
2021-02-18,36501.0,394.0,-0.0015068080326566397,0.0,-0.0005479301936933235,0.005076142131979695
2021-02-19,36680.0,394.0,0.0013904034896401309,0.007614213197969543,-0.0002726281352235551,0.005076142131979695
2021-02-20,36993.0,394.0,-0.0025680534155110425,0.005076142131979695,-0.008461060200578487,0
2021-02-21,37295.0,402.0,-0.0021986861509585734,-0.01990049751243781,0.002922643786030299,-0.017412935323383085
2021-02-22,37483.0,402.0,0.0004001814155750607,0.014925373134328358,-0.0009337566363418082,0.0024875621890547263
2021-02-23,37742.0,406.0,-0.001934184727889354,0.0,-0.002702559482804303,-0.007389162561576354
2021-02-24,37896.0,411.0,-0.00013194004644289634,-0.0072992700729927005,-0.00010555203715431708,0.0
2021-02-25,37976.0,413.0,0.0009216347166631556,0.004842615012106538,0.0008953022961870655,0.004842615012106538
2021-02-26,38206.0,416.0,-0.001596607862639376,-0.002403846153846154,-0.0013086949693765378,-0.002403846153846154
2021-02-27,38424.0,418.0,-0.005673537372475536,-0.004784688995215311,-0.0010149906308557152,0.009569377990430622
2021-02-28,38644.0,418.0,0.004942552530793913,0.0023923444976076554,-0.00012938619190559983,0.004784688995215311
2021-03-01,38847.0,424.0,-0.001287100677014956,-0.01179245283018868,-0.0007207763791283754,-0.014150943396226415
2021-03-02,39033.0,428.0,-0.000742961084210796,-0.007009345794392523,0.0009735352137934568,0.007009345794392523
2021-03-03,39182.0,430.0,2.552192333214231e-05,0.0069767441860465115,-0.0027308457965392273,0.01627906976744186
2021-03-04,39297.0,434.0,-2.5447235157900096e-05,0.0,-0.0008906532305265033,-0.002304147465437788
2021-03-05,39466.0,436.0,0.0002787209243399382,0.0,-0.0007854862413216439,0.009174311926605505
2021-03-06,39466.0,436.0,0.004535549586986267,0.013761467889908258,0,0
2021-03-07,39877.0,437.0,-0.004915113975474584,0.002288329519450801,0.002708328108934975,0.018306636155606407
2021-03-08,40030.0,438.0,0.0005495878091431426,-0.00228310502283105,0.0030227329502872844,-0.00228310502283105
2021-03-09,40187.0,439.0,0.001667205812825043,0.01366742596810934,0.0004727897081145644,0.002277904328018223
2021-03-10,40337.0,444.0,-0.0026774425465453553,0.009009009009009009,-0.0007933163100875127,-0.0022522522522522522
2021-03-11,40451.0,448.0,-0.0008405231020246718,-0.002232142857142857,-0.0005191466218387679,0.0
2021-03-12,40631.0,450.0,-0.001033693485269868,0.008888888888888889,-0.0008367994880756073,-0.0044444444444444444
2021-03-13,40810.0,456.0,-0.004386179857877971,-0.013157894736842105,-0.0002450379808870375,-0.008771929824561403
2021-03-14,41025.0,458.0,0.007410115783059111,0.015283842794759825,0.002559414990859232,0.004366812227074236
2021-03-15,41200.0,458.0,0.0024029126213592233,0,-0.0010194174757281553,0.002183406113537118
2021-03-16,41424.0,465.0,-0.0011587485515643105,-0.010752688172043012,0.0016174198532251834,-0.0064516129032258064
2021-03-17,41466.0,474.0,0.00183282689432306,-0.010548523206751054,0.0020739883277866205,-0.004219409282700422
2021-03-18,41546.0,477.0,0.0003129061762865258,0.0020964360587002098,0.00019255764694555433,0.0
2021-03-19,41684.0,483.0,0.0001919201612129354,-0.012422360248447204,0.002327031954706842,-0.002070393374741201
2021-03-20,41684.0,483.0,0.004054313405623261,0.004140786749482402,0.004965934171384704,0.006211180124223602
2021-03-21,42203.0,492.0,-0.004715304599199109,-0.01016260162601626,-0.012297703954695163,-0.018292682926829267
2021-03-22,42477.0,492.0,-0.0033194434635214353,0.0020325203252032522,-0.001530239894531158,0.012195121951219513
2021-03-23,42653.0,494.0,0.0026961761189130892,0.004048582995951417,-0.001875600778374323,-0.0020242914979757085
2021-03-24,42771.0,498.0,0.00023380327792195646,0.006024096385542169,9.352131116878258e-05,0.0
2021-03-25,42864.0,502.0,-0.00011664800298618888,-0.00199203187250996,-0.0014464352370287422,0.00398406374501992
2021-03-26,43010.0,502.0,0.002069286212508719,0.0099601593625498,-0.003045803301557777,0.017928286852589643
2021-03-27,43179.0,504.0,0.0008800574353273582,0.001984126984126984,-0.0006947821857847565,0.0
2021-03-28,43499.0,508.0,-0.00735649095381503,-0.007874015748031496,-0.004367916503827674,0.001968503937007874
2021-03-29,43632.0,509.0,0.0017418408507517418,0.009823182711198428,0.0016272460579391272,0.009823182711198428
2021-03-30,43923.0,513.0,-0.004439587459872959,-0.005847953216374269,-0.0007057805705439064,0.001949317738791423
2021-03-31,44051.0,520.0,-0.0001362057615037116,-0.0057692307692307696,,
2021-04-01,44139.0,523.0,-0.001291374974512336,0.0057361376673040155,,
2021-04-02,44374.0,528.0,-0.00495785820525533,0.007575757575757576,,
2021-04-03,44581.0,531.0,-0.0015253134743500594,-0.0018832391713747645,,
2021-04-04,44581.0,531.0,0.0029160404656692314,0.009416195856873822,,
2021-04-05,44790.0,537.0,-0.00011163206072784104,0.0,,
2021-04-06,44886.0,538.0,0.003653700485674821,0.007434944237918215,,
2021-04-07,45008.0,542.0,,,,
2021-04-08,45039.0,548.0,,,,
2021-04-09,45054.0,557.0,,,,
2021-04-10,45193.0,559.0,,,,
2021-04-11,45323.0,564.0,,,,
2021-04-12,45527.0,570.0,,,,
2021-04-13,45787.0,575.0,,,,
2021-04-14,,,,,,
2021-04-15,,,,,,
