date,cases,deaths,time_of_year,daily_tests,daily_vaccinations,w1_change_cases,w1_change_deaths,w2_change_cases,w2_change_deaths
2020-01-01,,,0.0,,,,,,
2020-01-02,,,0.0027397260273972607,,,,,,
2020-01-03,,,0.0054794520547945215,,,,,,
2020-01-04,,,0.008219178082191782,,,,,,
2020-01-05,,,0.010958904109589041,,,,,,
2020-01-06,,,0.0136986301369863,,,,,,
2020-01-07,,,0.01643835616438356,,,,,,
2020-01-08,,,0.01917808219178082,,,,,,
2020-01-09,,,0.021917808219178082,,,,,,
2020-01-10,,,0.024657534246575345,,,,,,
2020-01-11,,,0.0273972602739726,,,,,,
2020-01-12,,,0.030136986301369857,,,,,,
2020-01-13,,,0.03287671232876712,,,,,,
2020-01-14,,,0.03561643835616438,,,,,,
2020-01-15,,,0.03835616438356165,,,,,,
2020-01-16,,,0.041095890410958916,,,,,,
2020-01-17,,,0.04383561643835617,,,,,,
2020-01-18,,,0.046575342465753435,,,,,,
2020-01-19,,,0.0493150684931507,,,,,,
2020-01-20,,,0.05205479452054796,,,,,,
2020-01-21,,,0.054794520547945216,,,,,,
2020-01-22,,,0.057534246575342486,,,,,,
2020-01-23,,,0.06027397260273975,,,,,,
2020-01-24,,,0.06301369863013699,,,,,,
2020-01-25,,,0.06575342465753428,,,,,,
2020-01-26,,,0.06849315068493153,,,,,,
2020-01-27,,,0.0712328767123288,,,,,,
2020-01-28,,,0.07397260273972606,,,,,,
2020-01-29,,,0.07671232876712332,,,,,,
2020-01-30,,,0.07945205479452057,,,,,,
2020-01-31,,,0.08219178082191785,,,,,,
2020-02-01,,,0.08493150684931511,,,,,,
2020-02-02,,,0.08767123287671237,,,,,,
2020-02-03,,,0.09041095890410963,,,,,,
2020-02-04,,,0.0931506849315069,,,,,,
2020-02-05,,,0.09589041095890416,,,,,,
2020-02-06,,,0.09863013698630142,,,,,,
2020-02-07,,,0.10136986301369867,,,,,,
2020-02-08,,,0.10410958904109596,,,,,,
2020-02-09,,,0.1068493150684932,,,,,,
2020-02-10,,,0.10958904109589047,,,,,,
2020-02-11,,,0.11232876712328774,,,,,,
2020-02-12,,,0.115068493150685,,,,,,
2020-02-13,,,0.11780821917808225,,,,,,
2020-02-14,,,0.12054794520547953,,,,,,
2020-02-15,,,0.1232876712328768,,,,,,
2020-02-16,,,0.12602739726027404,,,,,,
2020-02-17,,,0.1287671232876713,,,,,,
2020-02-18,,,0.13150684931506856,,,,,,
2020-02-19,,,0.13424657534246578,,,,,,
2020-02-20,,,0.13698630136986306,,,,,,
2020-02-21,,,0.13972602739726028,,,,,,
2020-02-22,,,0.14246575342465753,,,,,,
2020-02-23,,,0.14520547945205478,,,,,,
2020-02-24,,,0.14794520547945206,,,,,,
2020-02-25,,,0.15068493150684928,,,,,,
2020-02-26,,,0.15342465753424653,,,,,,
2020-02-27,,,0.15616438356164378,,,,,,
2020-02-28,,,0.15890410958904105,,,,,,
2020-02-29,,,0.16164383561643828,,,,,,
2020-03-01,,,0.16438356164383552,,,,,,
2020-03-02,,,0.16712328767123275,,,,,,
2020-03-03,,,0.16986301369863002,,,,,,
2020-03-04,,,0.17260273972602727,,,,,,
2020-03-05,,,0.17534246575342452,,,,,,
2020-03-06,,,0.17808219178082174,,,,,,
2020-03-07,,,0.18082191780821905,12.0,,,,,
2020-03-08,,,0.18356164383561627,14.0,,,,,
2020-03-09,,,0.18630136986301352,23.0,,,,,
2020-03-10,,,0.1890410958904108,,,,,,
2020-03-11,,,0.191780821917808,,,,,,
2020-03-12,1.0,0.0,0.19452054794520526,,,1.0,0.0,1.0,0.0
2020-03-13,1.0,0.0,0.1972602739726025,,,1.0,0.0,1.0,1.0
2020-03-14,1.0,0.0,0.19999999999999976,,,1.0,0.0,1.0,0.0
2020-03-15,1.0,0.0,0.20273972602739693,144.0,,1.0,0.0,1.0,1.0
2020-03-16,3.0,0.0,0.20547945205479426,144.0,,1.0,0.0,1.0,0.0
2020-03-17,6.0,0.0,0.2082191780821915,,,0.5,0.0,1.0,0.0
2020-03-18,9.0,0.0,0.2109589041095888,,,1.0,0.0,0.7777777777777778,0.0
2020-03-19,12.0,0.0,0.21369863013698606,438.0,,0.5833333333333334,0.0,0.0,0.0
2020-03-20,14.0,0.0,0.21643835616438328,,,1.0,1.0,0.5714285714285714,0.0
2020-03-21,21.0,0.0,0.2191780821917805,772.0,,0.4761904761904762,0.0,0.2857142857142857,1.0
2020-03-22,22.0,0.0,0.22191780821917773,,,0.5,1.0,0.5909090909090909,1.0
2020-03-23,36.0,0.0,0.224657534246575,968.0,,-0.2222222222222222,0.0,-0.2222222222222222,0.0
2020-03-24,42.0,0.0,0.22739726027397225,1022.0,,0.16666666666666666,0.0,0.3809523809523809,0.0
2020-03-25,59.0,0.0,0.2301369863013695,,,-0.11864406779661014,0.0,-0.06779661016949153,1.0
2020-03-26,69.0,0.0,0.23287671232876675,,,-0.10144927536231883,0.0,-0.014492753623188406,0.0
2020-03-27,85.0,1.0,0.235616438356164,,,-0.07058823529411765,-1.0,-0.05882352941176471,-1.0
2020-03-28,102.0,1.0,0.23835616438356125,,,-0.0392156862745098,1.0,-0.05882352941176471,1.0
2020-03-29,114.0,2.0,0.2410958904109585,,,0.017543859649122806,0.0,0.02631578947368421,-0.5
2020-03-30,120.0,2.0,0.2438356164383557,3654.0,,0.0,0.0,-0.008333333333333333,0.0
2020-03-31,133.0,2.0,0.24657534246575305,,,0.06766917293233082,0.0,-0.03759398496240601,0.5
2020-04-01,143.0,2.0,0.24931506849315024,,,0.02097902097902098,0.5,-0.013986013986013986,0.0
2020-04-02,146.0,2.0,0.2520547945205475,,,0.0410958904109589,0.0,0.0273972602739726,0.0
2020-04-03,156.0,2.0,0.2547945205479448,6016.0,,0.00641025641025641,0.0,-0.00641025641025641,0.0
2020-04-04,169.0,3.0,0.25753424657534196,6040.0,,-0.01183431952662722,0.0,-0.04733727810650888,-0.3333333333333333
2020-04-05,183.0,4.0,0.2602739726027393,6284.0,,0.00546448087431694,-0.25,-0.04918032786885247,-0.25
2020-04-06,189.0,4.0,0.2630136986301365,6883.0,,-0.005291005291005291,0.0,-0.021164021164021163,0.0
2020-04-07,211.0,4.0,0.26575342465753377,,,-0.06635071090047394,0.25,-0.06635071090047394,0.0
2020-04-08,224.0,5.0,0.268493150684931,,,-0.02232142857142857,-0.2,-0.03125,-0.2
2020-04-09,233.0,5.0,0.27123287671232826,7223.0,,-0.008583690987124462,0.0,-0.030042918454935626,0.0
2020-04-10,244.0,5.0,0.2739726027397255,7432.0,,-0.008196721311475409,0.0,-0.036885245901639344,0.0
2020-04-11,255.0,6.0,0.2767123287671228,7732.0,,-0.023529411764705882,-0.16666666666666666,-0.043137254901960784,-0.16666666666666666
2020-04-12,270.0,6.0,0.27945205479452,8038.0,,-0.037037037037037035,0.0,-0.04814814814814815,0.0
2020-04-13,275.0,6.0,0.2821917808219173,7830.0,,-0.01090909090909091,0.0,-0.003636363636363637,0.0
2020-04-14,283.0,7.0,0.2849315068493145,,,0.0,-0.14285714285714285,-0.00706713780918728,-0.14285714285714285
2020-04-15,291.0,7.0,0.28767123287671176,,,-0.006872852233676976,0.0,-0.013745704467353952,0.0
2020-04-16,298.0,7.0,0.290410958904109,,,-0.016778523489932886,0.0,-0.02348993288590604,0.0
2020-04-17,307.0,7.0,0.29315068493150626,,,-0.02280130293159609,0.0,0.0,0.0
2020-04-18,312.0,7.0,0.2958904109589035,9655.0,,-0.016025641025641024,0.0,-0.01282051282051282,0.0
2020-04-19,317.0,7.0,0.29863013698630075,9895.0,,-0.00946372239747634,0.0,-0.006309148264984227,0.0
2020-04-20,319.0,7.0,0.301369863013698,,,0.006269592476489028,0.0,0.0,0.0
2020-04-21,327.0,7.0,0.30410958904109525,,,-0.006116207951070336,0.0,-0.021406727828746176,0.0
2020-04-22,333.0,7.0,0.3068493150684925,12159.0,,-0.006006006006006006,0.0,-0.015015015015015015,0.14285714285714285
2020-04-23,335.0,7.0,0.3095890410958897,,,-0.005970149253731343,0.0,0.0029850746268656717,0.0
2020-04-24,337.0,7.0,0.312328767123287,,,0.020771513353115733,0.0,0.002967359050445104,0.0
2020-04-25,337.0,7.0,0.31506849315068425,15732.0,,0.002967359050445104,0.0,0.002967359050445104,0.0
2020-04-26,339.0,7.0,0.3178082191780815,,,0.002949852507374631,0.0,-0.002949852507374631,0.0
2020-04-27,343.0,7.0,0.32054794520547875,,,-0.005830903790087464,0.0,-0.005830903790087464,0.0
2020-04-28,349.0,7.0,0.32328767123287605,17089.0,,-0.014326647564469915,0.0,-0.008595988538681949,0.0
2020-04-29,353.0,7.0,0.32602739726027324,19119.0,,-0.0084985835694051,0.14285714285714285,-0.0113314447592068,0.0
2020-04-30,353.0,7.0,0.3287671232876705,,,0.0084985835694051,0.0,0.0113314447592068,0.0
2020-05-01,362.0,7.0,0.3315068493150677,20325.0,,-0.016574585635359115,0.0,-0.02209944751381216,0.0
2020-05-02,363.0,7.0,0.33424657534246505,,,0.0,0.0,0.008264462809917356,0.0
2020-05-03,366.0,7.0,0.33698630136986224,,,-0.00546448087431694,0.0,0.00273224043715847,0.0
2020-05-04,368.0,7.0,0.3397260273972595,21723.0,,0.0,0.0,0.002717391304347826,0.0
2020-05-05,369.0,7.0,0.34246575342465674,22692.0,,0.0054200542005420045,0.0,-0.002710027100271003,0.0
2020-05-06,370.0,8.0,0.345205479452054,,,-0.0027027027027027037,-0.125,0.0054054054054054074,-0.125
2020-05-07,373.0,8.0,0.34794520547945124,24341.0,,0.0026809651474530827,0.0,-0.00804289544235925,0.0
2020-05-08,376.0,8.0,0.3506849315068485,,,-0.005319148936170214,0.0,-0.002659574468085107,0.0
2020-05-09,377.0,8.0,0.3534246575342457,,,0.007957559681697613,0.0,0.010610079575596816,0.0
2020-05-10,378.0,8.0,0.3561643835616429,27364.0,,0.007936507936507936,0.0,-0.002645502645502645,0.0
2020-05-11,380.0,8.0,0.35890410958904023,28680.0,,0.002631578947368421,0.0,0.002631578947368421,0.0
2020-05-12,383.0,8.0,0.3616438356164375,,,-0.007832898172323759,0.0,0.0026109660574412533,0.0
2020-05-13,383.0,8.0,0.3643835616438347,,,0.007832898172323759,0.0,0.0026109660574412533,0.0
2020-05-14,387.0,8.0,0.3671232876712321,,,-0.0103359173126615,0.0,0.02325581395348837,0.0
2020-05-15,388.0,8.0,0.3698630136986292,32418.0,,0.002577319587628866,0.0,0.01288659793814433,0.0
2020-05-16,392.0,8.0,0.3726027397260265,33281.0,,0.0025510204081632647,0.0,0.0025510204081632647,0.0
2020-05-17,396.0,8.0,0.3753424657534237,34651.0,,-0.010101010101010102,0.0,0.060606060606060615,0.0
2020-05-18,399.0,8.0,0.37808219178082103,35611.0,,0.0,0.0,0.010025062656641605,0.0
2020-05-19,399.0,8.0,0.3808219178082182,,,0.010025062656641605,0.0,0.05263157894736842,0.0
2020-05-20,402.0,8.0,0.3835616438356155,,,-0.0049751243781094535,0.0,0.03980099502487562,0.0
2020-05-21,402.0,8.0,0.3863013698630127,,,0.032338308457711434,0.0,0.06467661691542287,0.0
2020-05-22,404.0,8.0,0.38904109589041,,,0.0099009900990099,0.0,0.05198019801980198,0.0
2020-05-23,409.0,8.0,0.3917808219178072,42351.0,,0.0,0.0,0.022004889975550126,0.0
2020-05-24,409.0,8.0,0.3945205479452045,,,0.06845965770171149,0.0,0.022004889975550126,0.0
2020-05-25,412.0,8.0,0.3972602739726017,44472.0,,0.009708737864077669,0.0,0.03883495145631068,0.0
2020-05-26,416.0,8.0,0.39999999999999897,,,0.040865384615384616,0.0,0.021634615384615384,0.125
2020-05-27,417.0,8.0,0.4027397260273962,46363.0,,0.04316546762589928,0.0,0.05035971223021583,0.0
2020-05-28,430.0,8.0,0.4054794520547935,47970.0,,0.03023255813953488,0.0,0.02558139534883721,0.0
2020-05-29,436.0,8.0,0.4082191780821907,49439.0,,0.0389908256880734,0.0,0.03669724770642202,0.125
2020-05-30,441.0,8.0,0.410958904109588,,,0.020408163265306117,0.0,0.06575963718820861,0.0
2020-05-31,469.0,8.0,0.4136986301369852,51695.0,,-0.04051172707889127,0.0,-0.03411513859275053,0.0
2020-06-01,476.0,8.0,0.4164383561643825,54190.0,,0.025210084033613446,0.0,-0.0063025210084033615,0.0
2020-06-02,497.0,8.0,0.4191780821917797,,,-0.01609657947686117,0.125,-0.01609657947686117,0.0
2020-06-03,516.0,8.0,0.42191780821917696,,,0.005813953488372093,0.0,0.011627906976744186,0.0
2020-06-04,542.0,8.0,0.4246575342465742,,,-0.003690036900369004,0.0,-0.012915129151291513,0.0
2020-06-05,565.0,8.0,0.42739726027397146,60990.0,,-0.001769911504424779,0.125,0.005309734513274336,0.0
2020-06-06,579.0,8.0,0.4301369863013687,63901.0,,0.03454231433506045,0.0,0.017271157167530225,0.0
2020-06-07,588.0,8.0,0.432876712328766,64904.0,,0.005102040816326529,0.0,0.008503401360544218,0.0
2020-06-08,607.0,8.0,0.4356164383561632,,,-0.02471169686985173,0.0,-0.014827018121911038,0.0
2020-06-09,620.0,9.0,0.4383561643835605,66890.0,,0.0,-0.1111111111111111,0.037096774193548385,-0.1111111111111111
2020-06-10,642.0,9.0,0.4410958904109577,67720.0,,0.004672897196261682,0.0,-0.001557632398753894,0.0
2020-06-11,666.0,9.0,0.44383561643835495,,,-0.007507507507507507,0.0,0.03153153153153153,0.0
2020-06-12,688.0,10.0,0.4465753424657522,,,0.005813953488372093,-0.1,0.011627906976744186,0.1
2020-06-13,722.0,10.0,0.4493150684931495,,,-0.013850415512465374,0.0,-0.0110803324099723,0.0
2020-06-14,734.0,10.0,0.4520547945205467,,,0.0027247956403269754,0.0,0.028610354223433238,0.0
2020-06-15,738.0,10.0,0.454794520547944,74437.0,,0.008130081300813009,0.0,0.028455284552845524,0.0
2020-06-16,751.0,10.0,0.4575342465753412,76215.0,,0.030625832223701733,0.0,0.045272969374167776,0.0
2020-06-17,776.0,10.0,0.4602739726027385,,,-0.005154639175257732,0.0,0.02190721649484536,0.0
2020-06-18,795.0,10.0,0.4630136986301357,,,0.03270440251572327,0.0,0.0389937106918239,0.0
2020-06-19,821.0,10.0,0.465753424657533,,,0.0048721071863581,0.2,0.04141291108404385,0.1
2020-06-20,845.0,10.0,0.4684931506849302,,,0.0023668639053254447,0.0,0.036686390532544376,0.1
2020-06-21,859.0,10.0,0.4712328767123274,88051.0,,0.02211874272409779,0.0,0.0209545983701979,0.0
2020-06-22,869.0,10.0,0.4739726027397247,90824.0,,0.017261219792865358,0.0,0.023014959723820484,0.0
2020-06-23,905.0,10.0,0.4767123287671219,,,0.012154696132596685,0.0,-0.015469613259668509,0.1
2020-06-24,926.0,10.0,0.4794520547945192,,,0.02267818574514039,0.0,0.03023758099352052,0.0
2020-06-25,971.0,10.0,0.4821917808219165,99452.0,,0.005149330587023686,0.0,0.004119464469618949,0.0
2020-06-26,1001.0,12.0,0.4849315068493137,,,0.02997002997002997,-0.08333333333333333,0.02797202797202797,-0.16666666666666666
2020-06-27,1027.0,12.0,0.4876712328767109,105581.0,,0.028237585199610518,0.08333333333333333,0.04965920155793573,0.0
2020-06-28,1060.0,12.0,0.4904109589041082,,,-0.0009433962264150943,0.0,0.07830188679245283,0.0
2020-06-29,1085.0,12.0,0.4931506849315054,,,0.004608294930875576,0.0,0.0423963133640553,0.0
2020-06-30,1132.0,12.0,0.4958904109589027,112185.0,,-0.022084805653710248,0.08333333333333333,0.006183745583038869,0.0
2020-07-01,1174.0,12.0,0.4986301369862999,,,0.00596252129471891,0.0,0.016183986371379896,0.0
2020-07-02,1224.0,12.0,0.5013698630136972,,,-0.0008169934640522876,0.0,0.02124183006535948,0.0
2020-07-03,1284.0,13.0,0.5041095890410945,120208.0,,-0.001557632398753894,-0.07692307692307693,-0.008566978193146417,-0.07692307692307693
2020-07-04,1339.0,14.0,0.5068493150684917,122732.0,,0.016430171769977596,-0.07142857142857142,0.014189693801344288,0.0
2020-07-05,1371.0,14.0,0.509589041095889,123753.0,,0.0612691466083151,0.0,0.06272793581327499,0.0
2020-07-06,1401.0,14.0,0.5123287671232862,123753.0,,0.029264810849393287,0.0,0.07637401855817272,0.0
2020-07-07,1423.0,15.0,0.5150684931506835,131420.0,,0.022487702037947997,-0.06666666666666668,0.06254392129304287,-0.06666666666666668
2020-07-08,1472.0,15.0,0.5178082191780807,,,0.008152173913043478,0.0,0.030570652173913044,0.06666666666666668
2020-07-09,1521.0,15.0,0.520547945205478,135744.0,,0.017751479289940832,0.0,0.01051939513477975,0.0
2020-07-10,1579.0,15.0,0.5232876712328752,141931.0,,-0.005699810006333122,0.0,0.0037998733375554147,0.0
2020-07-11,1656.0,15.0,0.5260273972602725,143376.0,,-0.0018115942028985507,0.06666666666666668,0.025966183574879228,0.06666666666666668
2020-07-12,1772.0,15.0,0.5287671232876697,145475.0,,0.001128668171557562,0.0,0.06659142212189616,0.0
2020-07-13,1843.0,15.0,0.531506849315067,,,0.03581117742810635,0.0,0.017905588714053174,0.06666666666666668
2020-07-14,1897.0,15.0,0.5342465753424642,,,0.030047443331576176,0.0,0.047443331576172906,0.06666666666666668
2020-07-15,1958.0,15.0,0.5369863013698615,,,0.016853932584269662,0.06666666666666668,0.01583248212461696,0.0
2020-07-16,2034.0,15.0,0.5397260273972587,,,-0.005408062930186824,0.0,0.02015732546705998,0.06666666666666668
2020-07-17,2083.0,15.0,0.542465753424656,,,0.0072011521843494955,0.0,0.033125300048007685,0.0
2020-07-18,2157.0,16.0,0.5452054794520532,,,0.021325915623551232,0.0,0.03523412146499768,0.0
2020-07-19,2275.0,16.0,0.5479452054794505,,,0.05098901098901098,0.0,0.017142857142857144,0.0
2020-07-20,2412.0,16.0,0.5506849315068477,175586.0,,-0.013681592039800995,0.0625,-0.0236318407960199,0.0625
2020-07-21,2523.0,16.0,0.5534246575342451,178626.0,,0.013079667063020214,0.0625,-0.019817677368212445,0.0
2020-07-22,2617.0,17.0,0.5561643835616422,185333.0,,-0.0007642338555598013,-0.05882352941176471,-0.013756209400076424,-0.05882352941176471
2020-07-23,2682.0,17.0,0.5589041095890395,189509.0,,0.01938851603281133,0.05882352941176471,-0.009321401938851604,0.0
2020-07-24,2746.0,17.0,0.5616438356164367,200572.0,,0.019664967225054626,0.0,0.0003641660597232338,0.0
2020-07-25,2866.0,18.0,0.564383561643834,,,0.0104675505931612,0.0,-0.012212142358688071,0.0
2020-07-26,3100.0,18.0,0.5671232876712312,207264.0,,-0.02483870967741936,0.0,-0.043225806451612905,0.0
2020-07-27,3204.0,19.0,0.5698630136986285,,,-0.00749063670411985,0.0,-0.011860174781523096,-0.05263157894736842
2020-07-28,3348.0,20.0,0.5726027397260257,,,-0.024790919952210274,-0.05,-0.028076463560334528,-0.05
2020-07-29,3440.0,20.0,0.575342465753423,223664.0,,-0.009883720930232558,0.0,-0.00755813953488372,0.05
2020-07-30,3557.0,21.0,0.5780821917808202,225057.0,,-0.021647455721113297,-0.047619047619047616,-0.006184987348889514,-0.047619047619047616
2020-07-31,3675.0,21.0,0.5808219178082175,,,-0.014421768707482994,0.0,0.00027210884353741496,0.0
2020-08-01,3825.0,22.0,0.5835616438356147,238633.0,,-0.01699346405228758,0.0,-0.01699346405228758,0.0
2020-08-02,3982.0,22.0,0.5863013698630121,243090.0,,-0.014314414866901055,0.0,-0.01280763435459568,0.0
2020-08-03,4062.0,23.0,0.5890410958904092,,,-0.0034465780403742,-0.043478260869565216,-0.007385524372230428,-0.043478260869565216
2020-08-04,4123.0,23.0,0.5917808219178065,252649.0,,-0.0026679602231384912,0.0,0.0014552510308028135,0.043478260869565216
2020-08-05,4181.0,23.0,0.5945205479452037,,,0.0019134178426213823,0.043478260869565216,0.0028701267639320736,0.0
2020-08-06,4221.0,23.0,0.5972602739726011,,,0.013030087656953328,0.0,0.010660980810234541,0.0
2020-08-07,4286.0,23.0,0.5999999999999982,,,0.012599160055996268,0.0,0.0013999066728884741,0.043478260869565216
2020-08-08,4371.0,24.0,0.6027397260273955,273593.0,,0.0,0.0,0.0013726835964310224,0.0
2020-08-09,4471.0,24.0,0.6054794520547927,277919.0,,0.0013419816595839856,0.0,-0.008051889957503914,0.041666666666666664
2020-08-10,4537.0,24.0,0.60821917808219,,,-0.0035265594004849025,0.0,0.0008816398501212256,0.0
2020-08-11,4587.0,24.0,0.6109589041095872,290744.0,,0.0037061260082842814,0.041666666666666664,-0.011990407673860913,0.125
2020-08-12,4653.0,25.0,0.6136986301369844,,,0.0008596604341285192,-0.04,-0.003438641736514077,0.0
2020-08-13,4748.0,25.0,0.6164383561643817,294053.0,,-0.0021061499578770007,0.0,-0.0029486099410278013,0.0
2020-08-14,4867.0,25.0,0.619178082191779,295929.0,,-0.009862338196013972,0.04,0.0006163961372508733,0.0
2020-08-15,4952.0,26.0,0.6219178082191762,,,0.0012116316639741518,0.0,0.005250403877221325,-0.038461538461538464
2020-08-16,5058.0,26.0,0.6246575342465734,301515.0,,-0.00830367734282325,0.038461538461538464,-0.010873863187030448,0.0
2020-08-17,5108.0,26.0,0.6273972602739707,,,0.003915426781519186,0.0,-0.002153484729835552,0.0
2020-08-18,5175.0,27.0,0.6301369863013679,,,-0.01391304347826087,0.07407407407407407,-0.0063768115942028965,0.037037037037037035
2020-08-19,5245.0,27.0,0.6328767123287652,310849.0,,-0.0038131553860819827,0.037037037037037035,0.0003813155386081983,0.0
2020-08-20,5330.0,27.0,0.6356164383561624,312647.0,,-0.00075046904315197,0.0,0.003939962476547843,0.037037037037037035
2020-08-21,5401.0,28.0,0.6383561643835597,321535.0,,0.009442695797074616,-0.03571428571428571,0.010738752082947604,-0.03571428571428571
2020-08-22,5492.0,29.0,0.6410958904109569,326287.0,,0.0036416605972323375,-0.03448275862068965,0.0012745812090313182,0.03448275862068965
2020-08-23,5556.0,30.0,0.6438356164383542,,,-0.0023398128149748018,-0.03333333333333333,0.004499640028797696,-0.03333333333333333
2020-08-24,5626.0,30.0,0.6465753424657514,,,-0.0055101315321720605,0.0,-0.006398862424457874,0.0
2020-08-25,5621.0,33.0,0.6493150684931487,,,0.006938267212239815,-0.030303030303030307,0.006760362924746487,-0.09090909090909093
2020-08-26,5671.0,34.0,0.6520547945205459,,,0.0038793863516134717,-0.029411764705882363,0.0026450361488273674,-0.029411764705882363
2020-08-27,5752.0,34.0,0.6547945205479432,336220.0,,0.004346314325452017,0.029411764705882363,0.007649513212795549,0.0
2020-08-28,5874.0,34.0,0.6575342465753404,,,0.001191692202928158,0.0,-0.002383384405856316,0.029411764705882363
2020-08-29,5985.0,34.0,0.6602739726027377,345695.0,,-0.002172096908939014,0.05882352941176471,-0.000835421888053467,0.029411764705882363
2020-08-30,6036.0,34.0,0.6630136986301349,346839.0,,0.006295559973492379,0.0,0.0018223989396951624,0.0
2020-08-31,6075.0,34.0,0.6657534246575322,,,-0.0008230452674897119,0.0,0.006255144032921811,0.0
2020-09-01,6109.0,36.0,0.6684931506849294,,,-0.00016369291209690614,-0.05555555555555555,0.0014732362088721554,-0.05555555555555555
2020-09-02,6181.0,36.0,0.6712328767123267,,,-0.0011325028312570782,0.0,-0.003235722375020223,0.0
2020-09-03,6287.0,37.0,0.6739726027397239,,,0.0030221091140448545,-0.027027027027027032,-0.0001590583744234134,-0.027027027027027032
2020-09-04,6416.0,37.0,0.6767123287671212,381937.0,,-0.003273067331670823,0.027027027027027032,-0.0021820448877805485,0.027027027027027032
2020-09-05,6514.0,39.0,0.6794520547945184,385002.0,,0.0012281240405280936,-0.02564102564102564,-0.0019957015658581515,-0.05128205128205128
2020-09-06,6603.0,39.0,0.6821917808219157,,,-0.00408905043162199,0.0,0.00030289262456459186,0.0
2020-09-07,6637.0,39.0,0.6849315068493129,388621.0,,0.0064788307970468605,0.0,0.0055748078951333435,0.0
2020-09-08,6670.0,39.0,0.6876712328767102,391656.0,,0.0014992503748125937,0.0,0.0019490254872563718,0.0
2020-09-09,6735.0,39.0,0.6904109589041074,391937.0,,-0.0019302152932442465,0.0,-0.0016332590942835933,0.0
2020-09-10,6860.0,39.0,0.6931506849315047,,,-0.002915451895043732,0.0,0.002186588921282799,0.02564102564102564
2020-09-11,6968.0,40.0,0.6958904109589019,,,0.0010045924225028703,0.0,0.0014351320321469574,0.1
2020-09-12,7074.0,41.0,0.6986301369862992,,,-0.0029686174724342664,-0.024390243902439025,0.0007068136839129206,-0.024390243902439025
2020-09-13,7136.0,41.0,0.7013698630136964,,,0.0040639013452914785,0.0,0.007427130044843048,0.0975609756097561
2020-09-14,7213.0,41.0,0.7041095890410937,,,-0.000831831415499792,0.0,0.005684181339248579,0.0
2020-09-15,7256.0,41.0,0.7068493150684909,407124.0,,0.0004134509371554576,0.0,0.011300992282249171,0.0
2020-09-16,7308.0,41.0,0.7095890410958882,408564.0,,0.0002736726874657909,0.0,0.007252326217843459,0.0
2020-09-17,7413.0,41.0,0.7123287671232854,,,0.004721435316336166,0.024390243902439025,0.003507351949278295,0.024390243902439025
2020-09-18,7528.0,42.0,0.7150684931506827,,,0.00039851222104144525,0.09523809523809523,0.001461211477151966,-0.023809523809523808
2020-09-19,7613.0,42.0,0.7178082191780799,,,0.003415210823591225,0.0,0.008143964271640616,0.023809523809523808
2020-09-20,7704.0,42.0,0.7205479452054772,,,0.003115264797507788,0.09523809523809523,0.012720664589823473,0.0
2020-09-21,7775.0,42.0,0.7232876712328744,,,0.006045016077170418,0.0,0.0180064308681672,0.0
2020-09-22,7821.0,42.0,0.7260273972602717,,,0.010101010101010102,0.0,0.012658227848101266,0.0
2020-09-23,7875.0,42.0,0.7287671232876689,,,0.006476190476190477,0.0,0.009396825396825395,0.023809523809523808
2020-09-24,8015.0,43.0,0.7315068493150662,,,-0.001122894572676232,0.0,-0.0006238303181534623,0.0
2020-09-25,8133.0,48.0,0.7342465753424634,,,0.0009836468707733923,-0.10416666666666667,0.0076232632484937906,-0.10416666666666667
2020-09-26,8244.0,48.0,0.7369863013698607,442869.0,,0.004366812227074236,0.020833333333333332,0.016982047549733138,0.0
2020-09-27,8359.0,52.0,0.7397260273972579,,,0.008852733580571839,-0.07692307692307693,0.017107309486780714,-0.07692307692307693
2020-09-28,8477.0,52.0,0.7424657534246552,444791.0,,0.010970862333372655,0.0,0.0093193346702843,0.0
2020-09-29,8602.0,52.0,0.7452054794520524,,,0.002325040688212044,0.0,0.003487561032318065,0.0
2020-09-30,8707.0,52.0,0.7479452054794496,,,0.0026415527736304125,0.019230769230769232,0.004364304582519811,0.07692307692307693
2020-10-01,8838.0,53.0,0.7506849315068469,,,0.0004525910839556461,0.0,0.0038470242136229922,0.0
2020-10-02,8964.0,53.0,0.7534246575342441,,,0.006024096385542169,0.0,0.01137884872824632,0.018867924528301886
2020-10-03,9111.0,54.0,0.7561643835616414,473256.0,,0.011414773350894523,-0.018518518518518517,0.007353748216441664,0.0
2020-10-04,9300.0,54.0,0.7589041095890386,,,0.0074193548387096785,0.0,0.003763440860215054,0.0
2020-10-05,9511.0,54.0,0.7616438356164359,,,-0.0014719798128482807,0.0,-0.0007359899064241402,0.0
2020-10-06,9656.0,54.0,0.7643835616438331,,,0.001035625517812759,0.0,0.006835128417564209,0.0
2020-10-07,9784.0,55.0,0.7671232876712304,490074.0,,0.0015331152902698286,0.054545454545454536,0.008381030253475063,0.0
2020-10-08,9919.0,56.0,0.7698630136986276,,,0.003024498437342474,0.0,0.009678394999495916,-0.017857142857142856
2020-10-09,10099.0,56.0,0.7726027397260249,,,0.004752945836221408,0.017857142857142856,0.009604911377364096,0.0
2020-10-10,10350.0,56.0,0.7753424657534221,499253.0,,-0.0035748792270531397,0.017857142857142856,0.01169082125603865,0.0
2020-10-11,10608.0,56.0,0.7780821917808194,502997.0,,-0.003205128205128205,0.0,0.025546757164404226,0.0
2020-10-12,10805.0,56.0,0.7808219178082166,,,0.0006478482184173992,0.0,0.013975011568718186,0.0
2020-10-13,10960.0,56.0,0.7835616438356139,514789.0,,0.00510948905109489,0.0,0.0208029197080292,0.03571428571428571
2020-10-14,11103.0,60.0,0.7863013698630111,,,0.006034405115734486,-0.05,0.019003872827163832,-0.05
2020-10-15,11268.0,61.0,0.7890410958904084,519461.0,,0.005857294994675187,-0.016393442622950817,0.017660631877884275,0.06557377049180327
2020-10-16,11496.0,62.0,0.7917808219178056,,,0.0042623521224773855,-0.016129032258064516,0.01374391092553932,0.04838709677419355
2020-10-17,11710.0,63.0,0.7945205479452029,530500.0,,0.01349274124679761,-0.015873015873015872,0.01964133219470538,0.0
2020-10-18,11934.0,63.0,0.7972602739726001,,,0.025557231439584386,0.0,0.010558069381598794,0.015873015873015872
2020-10-19,12138.0,63.0,0.7999999999999974,,,0.011863568956994565,0.0,0.012110726643598616,0.015873015873015872
2020-10-20,12349.0,63.0,0.8027397260273946,,,0.013928253299862336,0.031746031746031744,0.014576079034739653,0.0
2020-10-21,12559.0,64.0,0.8054794520547919,547140.0,,0.011465881041484195,0.0,0.016004458953738355,-0.015625
2020-10-22,12790.0,64.0,0.8082191780821891,,,0.010398749022673964,0.078125,0.006489444878811572,0.0
2020-10-23,13067.0,64.0,0.8109589041095864,552746.0,,0.008341623938164842,0.0625,0.0189791076758246,0.0
2020-10-24,13439.0,64.0,0.8136986301369836,,,0.0053575414837413494,0.015625,0.017337599523774092,0.0
2020-10-25,13968.0,64.0,0.8164383561643809,559969.0,,-0.01281500572737686,0.015625,-0.0007875143184421535,0.0
2020-10-26,14316.0,64.0,0.8191780821917781,,,0.00020955574182732607,0.015625,0.008731489242805255,0.0
2020-10-27,14699.0,66.0,0.8219178082191754,577429.0,,0.0005442547112048438,-0.030303030303030307,0.010000680318389006,0.09090909090909093
2020-10-28,15053.0,67.0,0.8246575342465726,580599.0,,0.003786620607187936,-0.01492537313432836,0.00943333554773135,0.02985074626865672
2020-10-29,15417.0,72.0,0.8273972602739699,,,-0.003243173120581177,-0.06944444444444445,0.007394434714925083,-0.06944444444444445
2020-10-30,15803.0,76.0,0.8301369863013671,586323.0,,0.008795798266151997,-0.05263157894736842,0.013098778712902614,-0.03947368421052632
2020-10-31,16247.0,77.0,0.8328767123287644,604207.0,,0.00990952175786299,-0.012987012987012988,0.018649596848648985,0.0
2020-11-01,16597.0,78.0,0.8356164383561616,,,0.010122311261071278,-0.01282051282051282,0.01861782249804181,-0.01282051282051282
2020-11-02,16948.0,79.0,0.8383561643835589,,,0.007198489497285816,-0.012658227848101266,0.013511918810479112,-0.012658227848101266
2020-11-03,17339.0,79.0,0.8410958904109561,,,0.008016609954437972,0.10126582278481013,0.014418363227406425,0.02531645569620253
2020-11-04,17750.0,79.0,0.8438356164383534,,,0.004788732394366197,0.0379746835443038,0.007549295774647888,0.0
2020-11-05,18064.0,79.0,0.8465753424657506,,,0.00907883082373782,0.0,0.009853852967227636,0.012658227848101266
2020-11-06,18589.0,79.0,0.8493150684931479,,,0.0036580773575770617,0.012658227848101266,-0.0036580773575770617,0.0
2020-11-07,19194.0,79.0,0.8520547945205451,780694.0,,0.0073981452537251234,0.012658227848101266,0.003699072626862561,0.0
2020-11-08,19712.0,79.0,0.8547945205479424,780174.0,,0.007153003246753247,0.0,0.0016233766233766235,0.02531645569620253
2020-11-09,20185.0,79.0,0.8575342465753396,,,0.005300966063908843,0.0,0.0012880852117909338,0.0
2020-11-10,20715.0,87.0,0.8602739726027369,,,0.005358435916002897,-0.06896551724137931,0.002413709872073377,0.05747126436781608
2020-11-11,21211.0,90.0,0.8630136986301341,,,0.0023101221064541983,-0.03333333333333333,0.00858045353825845,-0.03333333333333333
2020-11-12,21689.0,90.0,0.8657534246575314,,,0.0006454884964728665,0.011111111111111113,0.003504080409424132,0.03333333333333333
2020-11-13,22282.0,91.0,0.8684931506849286,844666.0,,-0.006103581366125124,-0.01098901098901099,0.003545462705322682,-0.01098901098901099
2020-11-14,23029.0,92.0,0.8712328767123259,,,-0.0030830691736506146,-0.010869565217391304,-0.003473880759042946,0.010869565217391304
2020-11-15,23688.0,92.0,0.8739726027397231,,,-0.0046014859844647074,0.021739130434782608,-0.0017730496453900707,0.0
2020-11-16,24268.0,92.0,0.8767123287671204,872347.0,,-0.003337728696225482,0.0,-0.002843250370858744,0.0
2020-11-17,24909.0,94.0,0.8794520547945176,,,-0.002448914047131559,0.11702127659574467,-0.00550002007306596,-0.010638297872340424
2020-11-18,25454.0,94.0,0.8821917808219149,,,0.0052251119666850004,0.0,0.006207275870197219,0.0
2020-11-19,25946.0,95.0,0.8849315068493121,898799.0,,0.0023895783550450947,0.021052631578947368,0.01044476990672936,0.07368421052631577
2020-11-20,26403.0,95.0,0.8876712328767093,,,0.008143014051433549,0.0,0.011513843123887438,0.11578947368421053
2020-11-21,27079.0,95.0,0.8904109589041066,,,-0.00033236087004689984,0.021052631578947368,0.009933897115846227,0.010526315789473684
2020-11-22,27629.0,97.0,0.8931506849315038,,,0.002424988236997358,-0.020618556701030927,0.007745484816678128,-0.020618556701030927
2020-11-23,28128.0,97.0,0.8958904109589011,933016.0,,0.0004266211604095563,0.0,0.0001422070534698521,0.030927835051546393
2020-11-24,28708.0,110.0,0.8986301369862983,943401.0,,-0.002647345687613209,-0.10909090909090907,-0.00024383447122753243,-0.11818181818181818
2020-11-25,29386.0,110.0,0.9013698630136956,,,0.0008507452528414891,0.0,-0.003096712720343021,0.03636363636363636
2020-11-26,29940.0,113.0,0.9041095890410928,,,0.00698062792251169,0.04424778761061947,0.002738810955243821,0.017699115044247787
2020-11-27,30612.0,113.0,0.90684931506849,,,0.0029073565921860713,0.09734513274336284,-0.0014700117600940806,0.02654867256637168
2020-11-28,31279.0,115.0,0.9095890410958872,,,0.008887752165989962,-0.008695652173913044,-0.004699638735253684,0.1391304347826087
2020-11-29,31896.0,115.0,0.9123287671232846,1006180.0,,0.0046087283671933784,0.0,0.0007524454477050414,0.0
2020-11-30,32407.0,115.0,0.9150684931506818,1011396.0,,-0.00024686024624309563,0.02608695652173913,-0.00253031752399173,0.0
2020-12-01,32911.0,116.0,0.9178082191780792,1018628.0,,0.0020965634590258573,-0.008620689655172414,-0.006745465042083194,0.017241379310344827
2020-12-02,33614.0,116.0,0.9205479452054764,,,-0.0034509430594395194,0.03448275862068965,-0.002736954840245136,0.017241379310344827
2020-12-03,34377.0,124.0,0.9232876712328736,1040505.0,,-0.003694330511679321,-0.024193548387096774,-0.011053902318410564,-0.04838709677419355
2020-12-04,35138.0,135.0,0.9260273972602708,1050369.0,,-0.003813535204052593,-0.05925925925925926,-0.007627070408105186,-0.08148148148148149
2020-12-05,36083.0,136.0,0.928767123287668,,,-0.01177839980046005,0.125,-0.016877754067012158,0.0
2020-12-06,36847.0,136.0,0.9315068493150652,,,-0.0033381279344315683,0.0,-0.015822183624175645,-0.007352941176470587
2020-12-07,37350.0,139.0,0.9342465753424626,,,-0.0019812583668005358,-0.02158273381294964,-0.009397590361445784,-0.02158273381294964
2020-12-08,37923.0,139.0,0.9369863013698598,,,-0.007673443556680642,0.02158273381294964,-0.003507106505287029,0.07194244604316546
2020-12-09,38510.0,143.0,0.9397260273972572,,,0.0006232147494157361,-0.013986013986013986,-0.005868605556998183,-0.006993006993006993
2020-12-10,39146.0,148.0,0.9424657534246544,,,-0.006462984723854289,-0.020270270270270268,-0.009247432687886373,-0.020270270270270268
2020-12-11,39773.0,151.0,0.9452054794520516,,,-0.003369119754607397,-0.019867549668874173,-0.015764463329394313,-0.019867549668874173
2020-12-12,40293.0,169.0,0.9479452054794488,,,-0.004566550021095476,-0.10059171597633136,-0.0036979127888218796,-0.10059171597633136
2020-12-13,40934.0,169.0,0.950684931506846,,,-0.011237601993452877,-0.005917159763313609,-0.008330483216885719,0.0
2020-12-14,41363.0,169.0,0.9534246575342432,,,-0.0066968063244929035,0.0,-0.007301211227425476,0.0
2020-12-15,41645.0,172.0,0.9561643835616406,,,0.003793972865890263,0.040697674418604654,-0.002401248649297635,-0.011627906976744186
2020-12-16,42256.0,174.0,0.9589041095890378,,,-0.005916319575918213,0.005747126436781609,-0.005348352896630064,0.0
2020-12-17,42639.0,176.0,0.9616438356164352,,,-0.002556345130045264,0.0,0.0027205140833509232,0.005681818181818182
2020-12-18,43132.0,176.0,0.9643835616438324,,,-0.011430028748956692,0.0,-0.011430028748956692,0.0
2020-12-19,43468.0,177.0,0.9671232876712296,1193118.0,,0.0008051900248458638,0.0,0.010881568050059812,0.04519774011299435
2020-12-20,43649.0,176.0,0.9698630136986268,,,0.0027262938440743203,0.005681818181818182,0.002657563747164884,0.005681818181818182
2020-12-21,43801.0,176.0,0.972602739726024,1200977.0,,-0.0005707632245839138,0.0,0.0025570192461359326,0.011363636363636364
2020-12-22,44241.0,186.0,0.9753424657534212,,,-0.005831694581948871,-0.04838709677419355,-0.005605659908229922,-0.053763440860215055
2020-12-23,44602.0,189.0,0.9780821917808186,,,0.0005380924622214251,-0.005291005291005291,-0.0006053540199991032,-0.005291005291005291
2020-12-24,44876.0,191.0,0.9808219178082158,,,0.0050138158481148045,0.005235602094240838,0.0011364649255726892,0.005235602094240838
2020-12-25,44876.0,191.0,0.9835616438356132,,,0.0,0.0,0.009024868526606649,0.0
2020-12-26,45247.0,192.0,0.9863013698630104,1245063.0,,0.009680199792251421,0.041666666666666664,-0.0012376511149910492,0.0
2020-12-27,45547.0,192.0,0.9890410958904076,,,-6.5866028498035e-05,0.0,-0.0010099457703032033,0.0
2020-12-28,45674.0,192.0,0.9917808219178048,,,0.0029995183255243684,0.010416666666666666,0.0010728204229977667,0.0
2020-12-29,45856.0,193.0,0.994520547945202,1259845.0,,0.00021807397069085834,-0.0051813471502590676,-0.0010903698534542915,0.0
2020-12-30,46241.0,195.0,0.9972602739725992,,,-0.0011029173244523258,0.0,-0.002205834648904652,-0.005128205128205128
2020-12-31,46740.0,198.0,0.9999999999999966,1275750.0,,-0.003722721437740693,0.0,-0.003508771929824561,-0.005050505050505051
2021-01-01,46740.0,198.0,0.0,,,0.008664955070603338,0.0,0.0064612751390671795,0.005050505050505051
2021-01-02,47549.0,207.0,0.0027472527472527475,1290349.0,,-0.010389282634755723,-0.03864734299516908,-0.013144335317251676,-0.043478260869565216
2021-01-03,47846.0,207.0,0.005494505494505495,,,-0.0008987167161309199,0.0,-0.00029260544246122985,0.0
2021-01-04,48110.0,209.0,0.008241758241758242,1297498.0,,-0.0018291415506131786,-0.009569377990430622,-0.0022656412388276865,-0.009569377990430622
2021-01-05,48302.0,209.0,0.01098901098901099,1302859.0,,-0.0012421845886298705,0.004784688995215311,-0.001304293818061364,0.004784688995215311
2021-01-06,48636.0,211.0,0.013736263736263738,1311015.0,,-0.0010486059708857637,-0.0047393364928909965,-0.0034336705321161287,0.0995260663507109
2021-01-07,48961.0,214.0,0.016483516483516484,1326542.0,,0.00020424419435877527,-0.004672897196261682,-0.0025326280100488145,-0.009345794392523364
2021-01-08,49366.0,214.0,0.019230769230769232,,,-0.0020864562654458532,0.004672897196261682,-0.0023295385487987685,0.0
2021-01-09,49681.0,215.0,0.02197802197802198,,,-0.002636822930295284,-0.004651162790697674,-0.0013486040941204887,0.018604651162790697
2021-01-10,49935.0,215.0,0.024725274725274728,,,0.0005807549814759187,0.0,-0.0018423951136477426,0.0
2021-01-11,50111.0,215.0,0.027472527472527482,,,-0.0004190696653429386,0.0,-0.0019357027399173835,0.0
2021-01-12,50243.0,216.0,0.030219780219780223,,0.0,-5.970981032183588e-05,0.0,-0.0009951635053639313,0.0
2021-01-13,50526.0,217.0,0.03296703296703297,,2842.0,-0.002295847682381348,0.10138248847926268,-0.002058346197997071,0.0
2021-01-14,50861.0,219.0,0.03571428571428571,1382276.0,3379.0,-0.0026346316431057194,-0.0045662100456621,-0.002614970212933289,-0.0045662100456621
2021-01-15,51163.0,220.0,0.038461538461538464,,4400.0,-0.00023454449504524755,-0.004545454545454545,-0.0023649903250395803,-0.004545454545454545
2021-01-16,51347.0,220.0,0.0412087912087912,1398649.0,4381.0,0.00124642140728767,0.022727272727272728,-0.0007400627105770541,0.0
2021-01-17,51630.0,220.0,0.043956043956043946,,4369.0,-0.002343598682936277,0.0,-0.002885919039318226,0.0
2021-01-18,51785.0,220.0,0.04670329670329669,,4362.0,-0.0014676064497441345,0.0,-0.0009462199478613498,0.0
2021-01-19,51914.0,221.0,0.049450549450549434,1414531.0,4356.0,-0.0009053434526332012,0.0,5.7787879955310706e-05,0.06787330316742081
2021-01-20,52081.0,244.0,0.05219780219780218,1420122.0,4230.0,0.00023041032238244272,-0.09016393442622953,0.001094449031316603,-0.0942622950819672
2021-01-21,52282.0,245.0,0.054945054945054916,1430967.0,4187.0,1.9127041811713402e-05,0.0,-0.00032515971079912783,-0.004081632653061225
2021-01-22,52572.0,245.0,0.057692307692307675,1438958.0,4580.0,-0.0020733470288366433,0.0,-0.0007798828273605723,0.0
2021-01-23,52820.0,250.0,0.06043956043956041,1446514.0,4997.0,-0.0019310867095797047,-0.02,-0.004695191215448694,-0.02
2021-01-24,52982.0,250.0,0.06318681318681316,1453470.0,5225.0,-0.0005284813710316711,0.0,-0.003057642218111812,0.0
2021-01-25,53061.0,250.0,0.06593406593406591,,5003.0,0.0005088483066659128,0.0,0.007821186935790881,0.0
2021-01-26,53143.0,251.0,0.06868131868131866,,4545.0,0.0009408576858664355,0.059760956175298814,0.0008279547635624638,-0.00398406374501992
2021-01-27,53322.0,252.0,0.07142857142857141,1467400.0,4758.0,0.000843929334983684,-0.003968253968253968,0.0004125876748809122,-0.003968253968253968
2021-01-28,53524.0,253.0,0.07417582417582416,1479849.0,4850.0,-0.00033629773559524704,-0.003952569169960474,-0.0009902099992526716,-0.003952569169960474
2021-01-29,53705.0,253.0,0.07692307692307691,1489766.0,4186.0,0.0012661763336747046,0.0,-0.0004282655246252677,0.007905138339920948
2021-01-30,53851.0,253.0,0.07967032967032966,,3846.0,-0.002711184564817738,0.0,-0.002711184564817738,0.0
2021-01-31,53985.0,253.0,0.08241758241758243,1500325.0,3619.0,-0.002482170973418542,0.0,-0.002482170973418542,0.0
2021-02-01,54091.0,253.0,0.08516483516483518,,3570.0,0.007173097188071953,0.0,-0.0019596605719990386,0.0
2021-02-02,54223.0,269.0,0.08791208791208792,1511785.0,3613.0,-0.00011065415045275991,-0.05947955390334572,0.006713018460800768,-0.04089219330855018
2021-02-03,54447.0,269.0,0.09065934065934067,,3453.0,-0.0004224291512847357,0.0,-0.0031039359377008835,0.0037174721189591076
2021-02-04,54631.0,269.0,0.09340659340659342,,3440.0,-0.0006406618952609324,0.0,0.0004576156394720946,0.0
2021-02-05,54880.0,269.0,0.09615384615384616,,3372.0,-0.0016581632653061224,0.007434944237918215,-0.0006924198250728862,0.0037174721189591076
2021-02-06,54880.0,269.0,0.09890109890109892,,3411.0,0.0,0.0,0.0,0.0
2021-02-07,54880.0,269.0,0.10164835164835168,,3785.0,0.0,0.0,0.0,0.0
2021-02-08,55374.0,269.0,0.10439560439560444,,4131.0,-0.008921154332358147,0.0,-0.002835265648138115,0.0037174721189591076
2021-02-09,55500.0,269.0,0.10714285714285718,,4204.0,0.006666666666666667,0.01858736059479554,-0.0012792792792792793,0.0
2021-02-10,55701.0,269.0,0.10989010989010993,,4356.0,-0.002621137861079693,0.0037174721189591076,-0.0003949659790668031,0.0
2021-02-11,55850.0,269.0,0.11263736263736268,,4620.0,0.0010743061772605193,0.0,0.0006445837063563118,0.0
2021-02-12,56008.0,271.0,0.11538461538461545,1584548.0,4776.0,0.0009462933866590488,-0.003690036900369004,-0.000839165833452364,-0.007380073800738006
2021-02-13,56008.0,271.0,0.11813186813186816,1584548.0,5142.0,0.0,0.0,0.0,0.0
2021-02-14,56008.0,271.0,0.12087912087912095,,5393.0,0.0,0.0,0.0,0.0
2021-02-15,56008.0,271.0,0.12362637362637367,1584548.0,5212.0,0.006016997571775461,0.003690036900369004,0.006838308813026711,0.03690036900369004
2021-02-16,56504.0,276.0,0.12637362637362642,1605827.0,5448.0,-0.007804757185332013,-0.018115942028985508,-0.006052668837604417,-0.014492753623188406
2021-02-17,56559.0,277.0,0.12912087912087916,,5337.0,0.00219240085574356,-0.0036101083032490976,0.0024045686804929365,0.0
2021-02-18,56768.0,277.0,0.1318681318681319,,5268.0,-0.00042277339346110483,0.0,-0.0010745490417136414,0.0
2021-02-19,56979.0,278.0,0.13461538461538464,1629829.0,6970.0,-0.0017550325558539116,-0.0035971223021582736,-0.0011056705101879641,0.0
2021-02-20,56979.0,278.0,0.13736263736263735,,7466.0,0.0,0.0,0.0,0.0
2021-02-21,56979.0,278.0,0.1401098901098901,1629829.0,7330.0,0.0,0.0,0.0,0.0
2021-02-22,57316.0,279.0,0.14285714285714285,,7266.0,0.0008025682182985554,0.03225806451612903,5.234140554121014e-05,-0.007168458781362006
2021-02-23,57371.0,279.0,0.1456043956043956,1653425.0,6988.0,0.0017256105000784368,0.003584229390681004,0.0005926339091178468,0.0
2021-02-24,57550.0,279.0,0.14835164835164832,,7148.0,0.00020851433536055603,0.003584229390681004,-0.0004691572545612512,0.0
2021-02-25,57735.0,279.0,0.15109890109890106,,7201.0,-0.0006408590976011085,0.0,0.0009179873560232096,0.0
2021-02-26,57846.0,279.0,0.1538461538461538,1679675.0,5444.0,0.0006396293607163849,0.003584229390681004,-6.914912007744702e-05,0.003584229390681004
2021-02-27,57846.0,279.0,0.15659340659340654,,4591.0,0.0,0.0,0.0,0.0
2021-02-28,57846.0,279.0,0.15934065934065927,,4229.0,0.0,0.0,0.0,0.0
2021-03-01,58229.0,289.0,0.16208791208791198,1698031.0,4304.0,-0.0007384636521320993,-0.03806228373702422,-8.586786652698828e-05,-0.034602076124567484
2021-03-02,58383.0,290.0,0.16483516483516475,,4288.0,-0.00111333778668448,-0.003448275862068965,-0.0008735419557062843,-0.003448275862068965
2021-03-03,58574.0,291.0,0.1675824175824175,1711018.0,4243.0,-0.0006658244272202684,-0.003436426116838488,-0.0002902311605831939,0.0
2021-03-04,58722.0,291.0,0.17032967032967022,1724484.0,3905.0,0.0015326453458669664,0.0,0.00011920574912298628,0.010309278350515464
2021-03-05,58870.0,292.0,0.17307692307692296,1731628.0,3876.0,-0.0006964498046543231,0.0,-0.0012060472226940718,-0.003424657534246575
2021-03-06,58870.0,292.0,0.1758241758241757,,4155.0,0.0,0.0,0.0,0.0
2021-03-07,58870.0,292.0,0.17857142857142844,,4329.0,0.0,0.0,0.0,0.0
2021-03-08,59210.0,291.0,0.1813186813186812,,4248.0,0.0006417834825198448,0.003436426116838488,0.00018577942915048133,0.003436426116838488
2021-03-09,59299.0,291.0,0.1840659340659339,,4678.0,0.0002360916710231201,0.0,0.0015008684800755492,0.006872852233676976
2021-03-10,59451.0,291.0,0.18681318681318665,,4917.0,0.00037005264839952233,0.003436426116838488,0.0007905670215807976,0.0
2021-03-11,59689.0,291.0,0.1895604395604394,,5211.0,-0.0013905409706981187,0.010309278350515464,-0.001524569016066612,0.003436426116838488
2021-03-12,59796.0,292.0,0.19230769230769207,,5294.0,-0.000501705799719045,-0.003424657534246575,0.0013211586059268178,-0.003424657534246575
2021-03-13,59796.0,292.0,0.19505494505494486,,5092.0,0.0,0.0,0.0,0.0
2021-03-14,59796.0,292.0,0.1978021978021976,,5473.0,0.0,0.0,0.0,0.0
2021-03-15,60174.0,292.0,0.20054945054945034,,5571.0,-0.00044869877355668565,0.0,-0.006281782829793599,0.0
2021-03-16,60277.0,292.0,0.20329670329670307,,5280.0,0.0012442556862484859,0.00684931506849315,0.009091361547522272,0.0
2021-03-17,60451.0,293.0,0.2060439560439558,,5460.0,0.00041355808836909233,-0.0034129692832764505,-0.0001654232353476369,-0.0034129692832764505
2021-03-18,60606.0,296.0,0.20879120879120847,,5390.0,-0.000132000132000132,-0.006756756756756757,0.0011715011715011715,-0.010135135135135136
2021-03-19,60683.0,296.0,0.2115384615384613,,5361.0,0.0017962196990920028,0.0,0.0020598849760229392,0.0
2021-03-20,60683.0,296.0,0.214285714285714,,5490.0,0.0,0.0,0.0,0.0
2021-03-21,60683.0,296.0,0.2170329670329668,,5583.0,0.0,0.0,0.0,0.0
2021-03-22,61034.0,296.0,0.2197802197802195,,5493.0,-0.005750892944915948,0.0,0.002424877936887636,0.0
2021-03-23,61212.0,298.0,0.22252747252747224,,5273.0,0.007727243024243612,-0.006711409395973154,-0.0016009932692936026,-0.006711409395973154
2021-03-24,61411.0,298.0,0.2252747252747249,,4758.0,-0.0005699304684828451,0.0,0.00032567455341876863,0.0
2021-03-25,61558.0,299.0,0.2280219780219777,,4773.0,0.0012833425387439488,-0.0033444816053511705,0.0013158322232691118,-0.0033444816053511705
2021-03-26,61744.0,299.0,0.23076923076923045,,4817.0,0.0002591344908007256,0.0,0.0009717543405027207,0.0
2021-03-27,61744.0,299.0,0.2335164835164832,,4707.0,0.0,0.0,0.0,0.0
2021-03-28,61744.0,299.0,0.2362637362637359,,4152.0,0.0,0.0,0.0,0.0
2021-03-29,61744.0,299.0,0.23901098901098866,,3956.0,0.00808175693184763,0.0,0.0064135786473179576,0.0033444816053511705
2021-03-30,62395.0,299.0,0.2417582417582414,,3969.0,-0.009151374308838849,0.0,-0.007965381841493709,0.0
2021-03-31,62559.0,299.0,0.2445054945054941,,3991.0,0.0008791700634600937,0.0,0.0005594718585655141,0.0
2021-04-01,62785.0,299.0,0.2472527472527469,,3861.0,3.185474237477104e-05,0.0,-0.0005256032491837222,0.06020066889632107
2021-04-02,62987.0,299.0,0.2499999999999996,,3702.0,0.000698556845063267,0.0,-0.0002063917951323289,0.0
2021-04-03,62987.0,299.0,0.25274725274725235,,3513.0,0.0,0.0,0.0,0.0
2021-04-04,62987.0,299.0,0.2554945054945051,,3865.0,0.0,0.0,0.0,0.0
2021-04-05,63486.0,299.0,0.2582417582417578,,4022.0,-0.0016224049396717387,0.0033444816053511705,-0.0008505812305075135,0.0
2021-04-06,63566.0,299.0,0.26098901098901056,,4050.0,0.0011641443538998836,0.0,0.00045621873328508965,0.0
2021-04-07,63785.0,299.0,0.2637362637362633,,4207.0,-0.0003135533432625225,0.0,-0.00032923101042564866,0.0
2021-04-08,64013.0,299.0,0.26648351648351604,,4537.0,-0.000546763938574977,0.06020066889632107,0.0,0.0
2021-04-09,64259.0,299.0,0.2692307692307688,,4664.0,-0.0008870352791048725,0.0,-0.0015250781991627633,0.0
2021-04-10,64259.0,299.0,0.2719780219780215,,5069.0,0.0,0.0,0.0,0.0
2021-04-11,64259.0,299.0,0.27472527472527425,,4676.0,0.0,0.0,0.0,0.0
2021-04-12,64655.0,300.0,0.277472527472527,,4831.0,0.0007578686876498338,-0.0033333333333333327,0.0008197355192947183,0.03666666666666667
2021-04-13,64809.0,300.0,0.2802197802197797,,9046.0,-0.0006943480072212192,0.0,-0.00026230924717246057,0.0
2021-04-14,65008.0,300.0,0.2829670329670325,,9009.0,-1.5382722126507506e-05,0.0,-0.0001999753876445976,0.0
2021-04-15,65201.0,318.0,0.2857142857142852,,8075.0,0.0005368015827978096,-0.05660377358490566,-0.0003834297019984357,-0.05660377358490566
2021-04-16,65390.0,318.0,0.28846153846153794,,8075.0,-0.0006270071876433705,0.0,-0.0007493500535250037,0.0
2021-04-17,65390.0,318.0,0.2912087912087907,,7732.0,0.0,0.0,0.0,0.0
2021-04-18,65390.0,318.0,0.2939560439560434,,7745.0,0.0,0.0,0.0,0.0
2021-04-19,65835.0,318.0,0.2967032967032961,,7467.0,6.075795549479761e-05,0.03773584905660377,-0.002597402597402597,0.0031446540880503146
2021-04-20,65944.0,318.0,0.2994505494505489,,3288.0,0.0004246026931942254,0.0,-0.000257794492296494,0.0
2021-04-21,66142.0,318.0,0.3021978021978016,,3574.0,-0.00018142783707780232,0.0,-0.0007559493211575098,0.0
2021-04-22,66370.0,318.0,0.3049450549450544,,4331.0,-0.0009040229019135152,0.0,-0.0019888503842097334,0.0031446540880503146
2021-04-23,66518.0,318.0,0.3076923076923071,,4098.0,-0.00012026819808172224,0.0,-0.00048107279232688897,0.0
2021-04-24,66518.0,318.0,0.31043956043955984,,3874.0,0.0,0.0,,
2021-04-25,66518.0,318.0,0.3131868131868126,,3447.0,0.0,0.0,,
2021-04-26,66967.0,330.0,0.3159340659340653,,3292.0,-0.002613227410515627,-0.03333333333333333,,
2021-04-27,67104.0,330.0,0.31868131868131805,,3223.0,-0.0006706008583690987,0.0,,
2021-04-28,67290.0,330.0,0.3214285714285708,,2645.0,-0.0005647198692227671,0.0,,
2021-04-29,67458.0,330.0,0.3241758241758235,,2913.0,-0.0010673307835986836,0.0030303030303030303,,
2021-04-30,67598.0,330.0,0.32692307692307626,,2749.0,-0.00035504008994348944,0.0,,
2021-05-01,67598.0,330.0,0.329670329670329,,3386.0,,,,
2021-05-02,67598.0,330.0,0.3324175824175817,,3259.0,,,,
2021-05-03,67872.0,331.0,0.3351648351648345,,3187.0,,,,
2021-05-04,67964.0,331.0,0.3379120879120872,,3084.0,,,,
2021-05-05,68112.0,331.0,0.34065934065933995,,3064.0,,,,
2021-05-06,68208.0,332.0,0.3434065934065927,,2358.0,,,,
2021-05-07,68324.0,332.0,0.3461538461538454,,2321.0,,,,
2021-05-08,,,0.34890109890109816,,1523.0,,,,
